created_at,id,location_id,pot_id,pm2p5,pm10,pm1SPS,pm2p5SPS,pm4SPS,pm10SPS,millisSpentMeasuring,millisSpentConnecting,millisSpentSending,voltage,notes,created_at,updated_at,humidity,temperature,firmware_version,rssi_dbm,consecutive_successful_measures,consecutive_failed_measures,temperature_sht,humidity_sht
2020-02-15 01:58:40,9792,146,15,36,41.83,36.87,36,41.56,41.83,11637,4830,,4.18,,2020-02-15 01:58:40,2020-02-15 01:58:40,54.6,11.4,8f37ef3a2fd600a218aa9fa1e195b006f4ede8d1,,,,,
2020-02-15 02:00:31,9802,146,15,43,52.21,41.18,43,51.52,52.21,11637,5201,,4.2,,2020-02-15 02:00:31,2020-02-15 02:00:31,55.1,11.2,8f37ef3a2fd600a218aa9fa1e195b006f4ede8d1,,,,,
2020-02-15 03:00:00,9805,146,15,37,44.47,37.33,37,44.04,44.47,11637,6427,,4.17,,2020-02-15 03:00:00,2020-02-15 03:00:00,56.4,10.6,8f37ef3a2fd600a218aa9fa1e195b006f4ede8d1,,,,,
2020-02-15 04:00:01,9811,146,15,28,31.62,29.93,28,31.57,31.62,11637,4833,,4.2,,2020-02-15 04:00:01,2020-02-15 04:00:01,57.5,9.9,8f37ef3a2fd600a218aa9fa1e195b006f4ede8d1,,,,,
2020-02-15 05:00:03,9819,146,15,26,30.18,27.28,26,30.04,30.18,11637,5191,,4.14,,2020-02-15 05:00:03,2020-02-15 05:00:03,56.7,9.2,8f37ef3a2fd600a218aa9fa1e195b006f4ede8d1,,,,,
2020-02-15 06:00:04,9829,146,15,23,26.3,23.68,23,26.17,26.3,11637,6424,,4.19,,2020-02-15 06:00:04,2020-02-15 06:00:04,58.6,8.7,8f37ef3a2fd600a218aa9fa1e195b006f4ede8d1,,,,,
2020-02-15 07:00:03,9834,146,15,19,22.61,19.81,19,22.46,22.61,11637,4854,,4.2,,2020-02-15 07:00:03,2020-02-15 07:00:03,57.0,8.5,8f37ef3a2fd600a218aa9fa1e195b006f4ede8d1,,,,,
2020-02-15 08:00:07,9843,146,15,26,30.36,26.74,26,30.16,30.36,11637,5691,,4.17,,2020-02-15 08:00:07,2020-02-15 08:00:07,57.7,8.6,8f37ef3a2fd600a218aa9fa1e195b006f4ede8d1,,,,,
2020-02-15 09:00:10,9852,146,15,17,18.84,18.23,17,18.84,18.84,11637,6422,,4.2,,2020-02-15 09:00:10,2020-02-15 09:00:10,54.4,9.8,8f37ef3a2fd600a218aa9fa1e195b006f4ede8d1,,,,,
2020-02-15 10:00:12,9857,146,15,47,52.93,51.19,47,52.93,52.93,11637,4632,,4.2,,2020-02-15 10:00:12,2020-02-15 10:00:12,59.8,12.1,8f37ef3a2fd600a218aa9fa1e195b006f4ede8d1,,,,,
2020-02-15 11:00:28,9867,146,15,31,34.92,31.11,31,34.72,34.92,11637,6091,,4.2,,2020-02-15 11:00:28,2020-02-15 11:00:28,47.7,17.5,8f37ef3a2fd600a218aa9fa1e195b006f4ede8d1,,,,,
2020-02-15 12:00:45,9874,146,15,33,35.65,31.33,33,35.41,35.65,11637,5729,,4.2,,2020-02-15 12:00:45,2020-02-15 12:00:45,29.4,25.0,8f37ef3a2fd600a218aa9fa1e195b006f4ede8d1,,,,,
2020-02-15 13:00:17,9880,146,15,37,37.7,36.47,37,37.7,37.7,11637,4436,,4.2,,2020-02-15 13:00:17,2020-02-15 13:00:17,26.4,26.9,8f37ef3a2fd600a218aa9fa1e195b006f4ede8d1,,,,,
2020-02-15 13:59:44,9882,146,15,46,50.71,42.88,46,50.25,50.71,11637,5190,,4.2,,2020-02-15 13:59:44,2020-02-15 13:59:44,29.2,24.3,8f37ef3a2fd600a218aa9fa1e195b006f4ede8d1,,,,,
2020-02-15 14:59:56,9889,146,15,46,49.07,44.19,46,48.82,49.07,11637,6123,,4.2,,2020-02-15 14:59:56,2020-02-15 14:59:56,31.8,22.7,8f37ef3a2fd600a218aa9fa1e195b006f4ede8d1,,,,,
2020-02-15 15:00:46,9896,146,15,44,45.38,43.91,44,45.38,45.38,11637,4633,,4.2,,2020-02-15 15:00:46,2020-02-15 15:00:46,31.8,22.6,8f37ef3a2fd600a218aa9fa1e195b006f4ede8d1,,,,,
2020-02-15 15:59:50,9897,146,15,39,40.4,38.53,39,40.36,40.4,11637,5191,,4.2,,2020-02-15 15:59:50,2020-02-15 15:59:50,35.4,20.7,8f37ef3a2fd600a218aa9fa1e195b006f4ede8d1,,,,,
2020-02-15 16:59:58,9905,146,15,43,45.73,42.33,43,45.59,45.73,11637,5723,,4.2,,2020-02-15 16:59:58,2020-02-15 16:59:58,38.0,18.9,8f37ef3a2fd600a218aa9fa1e195b006f4ede8d1,,,,,
2020-02-15 18:00:05,9917,146,15,61,67.35,58.3,61,66.84,67.35,11637,4828,,4.2,,2020-02-15 18:00:05,2020-02-15 18:00:05,41.6,17.5,8f37ef3a2fd600a218aa9fa1e195b006f4ede8d1,,,,,
2020-02-15 18:59:59,9919,146,15,66,76.62,61.42,66,75.67,76.62,11637,5201,,4.2,,2020-02-15 18:59:59,2020-02-15 18:59:59,46.0,16.3,8f37ef3a2fd600a218aa9fa1e195b006f4ede8d1,,,,,
2020-02-15 20:00:06,9931,146,15,58,63.05,60.9,58,63.04,63.05,11637,5728,,4.2,,2020-02-15 20:00:06,2020-02-15 20:00:06,49.9,15.4,8f37ef3a2fd600a218aa9fa1e195b006f4ede8d1,,,,,
2020-02-15 21:00:02,9936,146,15,66,79.93,61.58,66,78.75,79.93,11637,5029,,4.2,,2020-02-15 21:00:02,2020-02-15 21:00:02,50.9,14.7,8f37ef3a2fd600a218aa9fa1e195b006f4ede8d1,,,,,
2020-02-15 22:00:03,9943,146,15,73,86.33,71.43,73,85.43,86.33,11637,5691,,4.2,,2020-02-15 22:00:03,2020-02-15 22:00:03,53.9,13.9,8f37ef3a2fd600a218aa9fa1e195b006f4ede8d1,,,,,
2020-02-15 23:00:01,9948,146,15,65,72.99,68.82,65,72.86,72.99,11637,5725,,4.2,,2020-02-15 23:00:01,2020-02-15 23:00:01,54.2,13.3,8f37ef3a2fd600a218aa9fa1e195b006f4ede8d1,,,,,
2020-02-16 01:58:48,9958,146,15,58,67.14,61.44,58,66.88,67.14,11637,5233,,4.2,,2020-02-16 01:58:48,2020-02-16 01:58:48,58.1,11.2,8f37ef3a2fd600a218aa9fa1e195b006f4ede8d1,,,,,
2020-02-16 02:00:31,9965,146,15,73,83.92,78.43,73,83.72,83.92,11637,6091,,4.2,,2020-02-16 02:00:31,2020-02-16 02:00:31,58.6,11.1,8f37ef3a2fd600a218aa9fa1e195b006f4ede8d1,,,,,
2020-02-16 02:59:59,9967,146,15,66,78.64,70.23,66,78.21,78.64,11637,5732,,4.15,,2020-02-16 02:59:59,2020-02-16 02:59:59,60.9,10.5,8f37ef3a2fd600a218aa9fa1e195b006f4ede8d1,,,,,
2020-02-16 04:00:05,9976,146,15,58,66.88,63.61,58,66.8,66.88,11637,5230,,4.12,,2020-02-16 04:00:05,2020-02-16 04:00:05,62.2,9.8,8f37ef3a2fd600a218aa9fa1e195b006f4ede8d1,,,,,
2020-02-16 04:00:56,9980,146,15,71,85.78,74.43,71,85.14,85.78,11637,5691,,4.19,,2020-02-16 04:00:56,2020-02-16 04:00:56,62.4,9.7,8f37ef3a2fd600a218aa9fa1e195b006f4ede8d1,,,,,
2020-02-16 04:59:53,9981,146,15,55,66.56,60.35,55,66.26,66.56,11637,5730,,4.14,,2020-02-16 04:59:53,2020-02-16 04:59:53,64.3,9.2,8f37ef3a2fd600a218aa9fa1e195b006f4ede8d1,,,,,
2020-02-16 06:00:04,9992,146,15,52,60.66,58.68,52,60.66,60.66,11637,5028,,4.14,,2020-02-16 06:00:04,2020-02-16 06:00:04,64.0,8.8,8f37ef3a2fd600a218aa9fa1e195b006f4ede8d1,,,,,
2020-02-16 06:00:55,9995,146,15,51,64.18,53.56,51,63.54,64.18,11637,6361,,4.14,,2020-02-16 06:00:55,2020-02-16 06:00:55,64.7,8.7,8f37ef3a2fd600a218aa9fa1e195b006f4ede8d1,,,,,
2020-02-16 06:59:56,9996,146,15,56,69.5,59.89,56,68.95,69.5,11637,5724,,4.11,,2020-02-16 06:59:56,2020-02-16 06:59:56,65.2,8.6,8f37ef3a2fd600a218aa9fa1e195b006f4ede8d1,,,,,
2020-02-16 08:00:06,10008,146,15,46,58.52,46.42,46,57.76,58.52,11637,5233,,4.14,,2020-02-16 08:00:06,2020-02-16 08:00:06,64.4,9.0,8f37ef3a2fd600a218aa9fa1e195b006f4ede8d1,,,,,
2020-02-16 09:00:13,10015,146,15,48,58.83,49.01,48,58.24,58.83,11637,5691,,4.19,,2020-02-16 09:00:13,2020-02-16 09:00:13,60.4,10.4,8f37ef3a2fd600a218aa9fa1e195b006f4ede8d1,,,,,
2020-02-16 10:00:10,10022,146,15,57,64.53,62.25,57,64.51,64.53,11637,5722,,4.2,,2020-02-16 10:00:10,2020-02-16 10:00:10,59.0,13.2,8f37ef3a2fd600a218aa9fa1e195b006f4ede8d1,,,,,
2020-02-16 11:00:39,10030,146,15,64,69.2,64.88,64,69.05,69.2,11637,5231,,4.2,,2020-02-16 11:00:39,2020-02-16 11:00:39,45.6,20.0,8f37ef3a2fd600a218aa9fa1e195b006f4ede8d1,,,,,
2020-02-16 12:00:27,10037,146,15,79,81.27,78.19,79,81.24,81.27,11637,5691,,4.2,,2020-02-16 12:00:27,2020-02-16 12:00:27,32.2,25.4,8f37ef3a2fd600a218aa9fa1e195b006f4ede8d1,,,,,
2020-02-16 12:59:59,10038,146,15,78,84.31,73.85,78,83.74,84.31,11637,5728,,4.2,,2020-02-16 12:59:59,2020-02-16 12:59:59,32.7,23.0,8f37ef3a2fd600a218aa9fa1e195b006f4ede8d1,,,,,
2020-02-16 13:59:50,10045,146,15,67,75.58,61.96,67,74.75,75.58,11637,4829,,4.2,,2020-02-16 13:59:50,2020-02-16 13:59:50,38.7,20.4,8f37ef3a2fd600a218aa9fa1e195b006f4ede8d1,,,,,
2020-02-16 15:00:07,10057,146,15,41,42.86,41.46,41,42.86,42.86,11637,5690,,4.2,,2020-02-16 15:00:07,2020-02-16 15:00:07,39.7,19.6,8f37ef3a2fd600a218aa9fa1e195b006f4ede8d1,,,,,
2020-02-16 15:59:59,10061,146,15,31,34.13,29.69,31,33.89,34.13,11637,5032,,4.2,,2020-02-16 15:59:59,2020-02-16 15:59:59,43.4,18.9,8f37ef3a2fd600a218aa9fa1e195b006f4ede8d1,,,,,
2020-02-16 17:00:01,10067,146,15,35,38.69,34.47,35,38.47,38.69,11637,5033,,4.2,,2020-02-16 17:00:01,2020-02-16 17:00:01,47.0,17.7,8f37ef3a2fd600a218aa9fa1e195b006f4ede8d1,,,,,
2020-02-16 17:46:49,10074,146,15,45,50.85,45.56,45,50.58,50.85,11637,6361,,4.2,,2020-02-16 17:46:49,2020-02-16 17:46:49,49.3,17.0,8f37ef3a2fd600a218aa9fa1e195b006f4ede8d1,,,,,
2020-02-16 18:00:29,10081,146,15,45,49.6,45.75,45,49.44,49.6,11637,5222,,4.2,,2020-02-16 18:00:29,2020-02-16 18:00:29,48.8,16.9,8f37ef3a2fd600a218aa9fa1e195b006f4ede8d1,,,,,
2020-02-16 19:00:02,10082,146,15,52,56.86,53.72,52,56.77,56.86,11637,4833,,4.2,,2020-02-16 19:00:02,2020-02-16 19:00:02,51.2,16.4,8f37ef3a2fd600a218aa9fa1e195b006f4ede8d1,,,,,
2020-02-16 20:00:07,10094,146,15,43,48.63,44.14,43,48.41,48.63,11637,5691,,4.2,,2020-02-16 20:00:07,2020-02-16 20:00:07,52.3,16.0,8f37ef3a2fd600a218aa9fa1e195b006f4ede8d1,,,,,
2020-02-16 21:00:08,10101,146,15,56,66.58,54.26,56,65.82,66.58,11637,6437,,4.2,,2020-02-16 21:00:08,2020-02-16 21:00:08,53.9,16.0,8f37ef3a2fd600a218aa9fa1e195b006f4ede8d1,,,,,
2020-02-16 22:00:04,10107,146,15,62,74.5,58.75,62,73.5,74.5,11637,5231,,4.2,,2020-02-16 22:00:04,2020-02-16 22:00:04,54.0,15.9,8f37ef3a2fd600a218aa9fa1e195b006f4ede8d1,,,,,
2020-02-16 22:00:55,10110,146,15,57,68.01,56.57,57,67.32,68.01,11637,5701,,4.2,,2020-02-16 22:00:55,2020-02-16 22:00:55,54.8,15.8,8f37ef3a2fd600a218aa9fa1e195b006f4ede8d1,,,,,
2020-02-16 22:59:57,10111,146,15,81,91.23,85.37,81,91.01,91.23,11637,6225,,4.19,,2020-02-16 22:59:57,2020-02-16 22:59:57,54.8,15.3,8f37ef3a2fd600a218aa9fa1e195b006f4ede8d1,,,,,
2020-02-17 01:58:46,10122,146,15,85,94.78,91.7,85,94.78,94.78,11637,5033,,4.2,,2020-02-17 01:58:46,2020-02-17 01:58:46,57.5,13.6,8f37ef3a2fd600a218aa9fa1e195b006f4ede8d1,,,,,
2020-02-17 02:00:32,10129,146,15,86,96.69,92.91,86,96.64,96.69,11637,5691,,4.16,,2020-02-17 02:00:32,2020-02-17 02:00:32,57.8,13.5,8f37ef3a2fd600a218aa9fa1e195b006f4ede8d1,,,,,
2020-02-17 03:00:01,10131,146,15,87,107.07,85.82,87,105.75,107.07,11637,5222,,4.2,,2020-02-17 03:00:01,2020-02-17 03:00:01,59.8,13.3,8f37ef3a2fd600a218aa9fa1e195b006f4ede8d1,,,,,
2020-02-17 03:00:50,10137,146,15,92,109.29,96.09,92,108.57,109.29,11637,4831,,4.18,,2020-02-17 03:00:50,2020-02-17 03:00:50,60.5,13.2,8f37ef3a2fd600a218aa9fa1e195b006f4ede8d1,,,,,
2020-02-17 03:59:55,10138,146,15,83,97.55,87.3,83,97.03,97.55,11637,5691,,4.2,,2020-02-17 03:59:55,2020-02-17 03:59:55,59.5,13.1,8f37ef3a2fd600a218aa9fa1e195b006f4ede8d1,,,,,
2020-02-17 05:00:06,10150,146,15,83,97.44,85.82,83,96.81,97.44,11637,6137,,4.2,,2020-02-17 05:00:06,2020-02-17 05:00:06,58.5,12.9,8f37ef3a2fd600a218aa9fa1e195b006f4ede8d1,,,,,
2020-02-17 06:00:06,10156,146,15,74,86.63,78.66,74,86.25,86.63,11637,4633,,4.18,,2020-02-17 06:00:06,2020-02-17 06:00:06,61.3,12.7,8f37ef3a2fd600a218aa9fa1e195b006f4ede8d1,,,,,
2020-02-17 06:01:01,10159,146,15,102,131.98,97.46,102,129.73,131.98,11637,6361,,4.2,,2020-02-17 06:01:01,2020-02-17 06:01:01,62.1,12.7,8f37ef3a2fd600a218aa9fa1e195b006f4ede8d1,,,,,
2020-02-17 06:59:57,10160,146,15,74,87.21,80.13,74,86.89,87.21,11637,5725,,4.15,,2020-02-17 06:59:57,2020-02-17 06:59:57,62.0,12.8,8f37ef3a2fd600a218aa9fa1e195b006f4ede8d1,,,,,
2020-02-17 08:00:06,10172,146,15,78,100.58,79.55,78,99.25,100.58,11637,5235,,4.14,,2020-02-17 08:00:06,2020-02-17 08:00:06,65.3,13.1,8f37ef3a2fd600a218aa9fa1e195b006f4ede8d1,,,,,
2020-02-17 09:00:09,10179,146,15,86,113.41,90.82,86,112.01,113.41,11637,6191,,4.2,,2020-02-17 09:00:09,2020-02-17 09:00:09,70.1,13.3,8f37ef3a2fd600a218aa9fa1e195b006f4ede8d1,,,,,
2020-02-17 10:00:10,10186,146,15,88,115.22,89.09,88,113.56,115.22,11637,5232,,4.2,,2020-02-17 10:00:10,2020-02-17 10:00:10,67.3,13.7,8f37ef3a2fd600a218aa9fa1e195b006f4ede8d1,,,,,
2020-02-17 10:01:00,10187,146,15,68,82.36,75.22,68,82.03,82.36,11637,5430,,4.2,,2020-02-17 10:01:00,2020-02-17 10:01:00,66.2,13.8,8f37ef3a2fd600a218aa9fa1e195b006f4ede8d1,,,,,
2020-02-17 11:00:00,10188,146,15,85,113.56,85.52,85,111.74,113.56,11637,5201,,4.19,,2020-02-17 11:00:00,2020-02-17 11:00:00,68.0,14.4,8f37ef3a2fd600a218aa9fa1e195b006f4ede8d1,,,,,
2020-02-17 12:00:08,10200,146,15,59,74.41,67.03,59,74.04,74.41,11637,6141,,4.17,,2020-02-17 12:00:08,2020-02-17 12:00:08,72.1,14.7,8f37ef3a2fd600a218aa9fa1e195b006f4ede8d1,,,,,
2020-02-17 13:00:06,10207,146,15,63,84.27,65.38,63,83.06,84.27,11637,4839,,4.2,,2020-02-17 13:00:06,2020-02-17 13:00:06,71.0,14.9,8f37ef3a2fd600a218aa9fa1e195b006f4ede8d1,,,,,
2020-02-17 14:00:11,10214,146,15,60,82.42,61.21,60,81.04,82.42,11637,6201,,4.2,,2020-02-17 14:00:11,2020-02-17 14:00:11,72.3,15.1,8f37ef3a2fd600a218aa9fa1e195b006f4ede8d1,,,,,
2020-02-17 14:01:02,10216,146,15,50,66.67,53.9,50,65.88,66.67,11637,6125,,4.2,,2020-02-17 14:01:02,2020-02-17 14:01:02,72.5,15.1,8f37ef3a2fd600a218aa9fa1e195b006f4ede8d1,,,,,
2020-02-17 14:59:58,10217,146,15,49,69.66,48.3,49,68.23,69.66,11637,4736,,4.2,,2020-02-17 14:59:58,2020-02-17 14:59:58,73.0,15.1,8f37ef3a2fd600a218aa9fa1e195b006f4ede8d1,,,,,
2020-02-17 16:00:07,10230,146,15,39,54.55,39.19,39,53.54,54.55,11637,6361,,4.2,,2020-02-17 16:00:07,2020-02-17 16:00:07,72.4,15.0,8f37ef3a2fd600a218aa9fa1e195b006f4ede8d1,,,,,
2020-02-17 17:00:08,10238,146,15,42,57.74,45.9,42,56.99,57.74,11637,6422,,4.2,,2020-02-17 17:00:08,2020-02-17 17:00:08,74.5,15.1,8f37ef3a2fd600a218aa9fa1e195b006f4ede8d1,,,,,
2020-02-17 18:00:05,10245,146,15,40,52.62,44.75,40,52.16,52.62,11637,4634,,4.2,,2020-02-17 18:00:05,2020-02-17 18:00:05,72.8,14.9,8f37ef3a2fd600a218aa9fa1e195b006f4ede8d1,,,,,
2020-02-17 19:00:04,10249,146,15,47,72.77,45.99,47,70.95,72.77,11637,5691,,4.2,,2020-02-17 19:00:04,2020-02-17 19:00:04,78.7,14.6,8f37ef3a2fd600a218aa9fa1e195b006f4ede8d1,,,,,
2020-02-17 20:00:10,10259,146,15,51,80.6,52.72,51,78.72,80.6,11637,6437,,4.2,,2020-02-17 20:00:10,2020-02-17 20:00:10,80.5,14.5,8f37ef3a2fd600a218aa9fa1e195b006f4ede8d1,,,,,
2020-02-17 21:00:05,10265,146,15,39,56.25,45.17,39,55.56,56.25,11637,4876,,4.2,,2020-02-17 21:00:05,2020-02-17 21:00:05,80.8,14.3,8f37ef3a2fd600a218aa9fa1e195b006f4ede8d1,,,,,
2020-02-17 22:00:01,10270,146,15,63,94.61,72.97,63,93.22,94.61,11637,4791,,4.2,,2020-02-17 22:00:01,2020-02-17 22:00:01,82.0,14.2,8f37ef3a2fd600a218aa9fa1e195b006f4ede8d1,,,,,
2020-02-17 23:00:04,10279,146,15,75,105.83,91.71,75,105.03,105.83,11637,4834,,4.2,,2020-02-17 23:00:04,2020-02-17 23:00:04,81.3,14.1,8f37ef3a2fd600a218aa9fa1e195b006f4ede8d1,,,,,
2020-02-18 01:59:01,10286,146,15,55,85.14,66.07,55,83.92,85.14,11637,5234,,4.17,,2020-02-18 01:59:01,2020-02-18 01:59:01,85.1,13.4,8f37ef3a2fd600a218aa9fa1e195b006f4ede8d1,,,,,
2020-02-18 03:00:06,10298,146,15,38,57.28,50.4,38,56.91,57.28,11637,4991,,4.2,,2020-02-18 03:00:06,2020-02-18 03:00:06,85.7,13.1,8f37ef3a2fd600a218aa9fa1e195b006f4ede8d1,,,,,
2020-02-18 04:00:05,10305,146,15,60,82.49,72.99,60,81.99,82.49,11637,6425,,4.2,,2020-02-18 04:00:05,2020-02-18 04:00:05,79.0,12.6,8f37ef3a2fd600a218aa9fa1e195b006f4ede8d1,,,,,
2020-02-18 04:59:59,10308,146,15,64,91.48,76.83,64,90.61,91.48,11637,4833,,4.2,,2020-02-18 04:59:59,2020-02-18 04:59:59,81.6,11.5,8f37ef3a2fd600a218aa9fa1e195b006f4ede8d1,,,,,
2020-02-18 06:39:38,10320,146,15,68,97.05,82.59,68,96.21,97.05,11637,5001,,4.17,,2020-02-18 06:39:38,2020-02-18 06:39:38,81.8,10.6,8f37ef3a2fd600a218aa9fa1e195b006f4ede8d1,,,,,
2020-02-18 07:00:23,10327,146,15,58,79.02,73.92,58,78.83,79.02,11637,5727,,4.11,,2020-02-18 07:00:23,2020-02-18 07:00:23,81.6,10.5,8f37ef3a2fd600a218aa9fa1e195b006f4ede8d1,,,,,
2020-02-18 08:00:04,10332,146,15,49,66.15,60.53,49,65.89,66.15,11637,5228,,4.2,,2020-02-18 08:00:04,2020-02-18 08:00:04,79.5,10.5,8f37ef3a2fd600a218aa9fa1e195b006f4ede8d1,,,,,
2020-02-18 09:00:10,10341,146,15,52,65.86,63.72,52,65.86,65.86,11637,6362,,4.2,,2020-02-18 09:00:10,2020-02-18 09:00:10,75.5,11.3,8f37ef3a2fd600a218aa9fa1e195b006f4ede8d1,,,,,
2020-02-18 10:00:14,10348,146,15,47,54.12,48.4,47,53.82,54.12,11637,6125,,4.2,,2020-02-18 10:00:14,2020-02-18 10:00:14,57.4,15.6,8f37ef3a2fd600a218aa9fa1e195b006f4ede8d1,,,,,
2020-02-18 11:00:49,10356,146,15,59,61.16,58.84,59,61.14,61.16,11637,4436,,4.2,,2020-02-18 11:00:49,2020-02-18 11:00:49,35.5,25.5,8f37ef3a2fd600a218aa9fa1e195b006f4ede8d1,,,,,
2020-02-18 12:01:15,10363,146,15,53,56.19,51.75,53,56.0,56.19,11637,6423,,4.2,,2020-02-18 12:01:15,2020-02-18 12:01:15,29.7,27.7,8f37ef3a2fd600a218aa9fa1e195b006f4ede8d1,,,,,
2020-02-18 12:59:55,10366,146,15,48,52.65,45.2,48,52.23,52.65,11637,4831,,4.2,,2020-02-18 12:59:55,2020-02-18 12:59:55,32.9,26.4,8f37ef3a2fd600a218aa9fa1e195b006f4ede8d1,,,,,
2020-02-18 13:59:51,10373,146,15,52,56.49,50.28,52,56.17,56.49,11637,5691,,4.2,,2020-02-18 13:59:51,2020-02-18 13:59:51,35.6,24.2,8f37ef3a2fd600a218aa9fa1e195b006f4ede8d1,,,,,
2020-02-18 14:59:57,10380,146,15,44,47.8,41.89,44,47.47,47.8,11637,6442,,4.2,,2020-02-18 14:59:57,2020-02-18 14:59:57,35.3,22.4,8f37ef3a2fd600a218aa9fa1e195b006f4ede8d1,,,,,
2020-02-18 15:59:56,10387,146,15,40,41.5,40.15,40,41.5,41.5,11637,4830,,4.2,,2020-02-18 15:59:56,2020-02-18 15:59:56,38.5,20.5,8f37ef3a2fd600a218aa9fa1e195b006f4ede8d1,,,,,
2020-02-18 16:59:59,10394,146,15,47,53.59,43.56,47,52.98,53.59,11637,5191,,4.2,,2020-02-18 16:59:59,2020-02-18 16:59:59,42.9,18.7,8f37ef3a2fd600a218aa9fa1e195b006f4ede8d1,,,,,
2020-02-18 17:59:59,10402,146,15,43,49.79,41.51,43,49.3,49.79,11637,6422,,4.2,,2020-02-18 17:59:59,2020-02-18 17:59:59,51.7,17.5,8f37ef3a2fd600a218aa9fa1e195b006f4ede8d1,,,,,
2020-02-18 18:59:59,10409,146,15,68,91.9,58.75,68,89.65,91.9,11637,5035,,4.2,,2020-02-18 18:59:59,2020-02-18 18:59:59,59.9,16.2,8f37ef3a2fd600a218aa9fa1e195b006f4ede8d1,,,,,
2020-02-18 20:00:03,10420,146,15,47,58.07,47.5,47,57.42,58.07,11637,5191,,4.2,,2020-02-18 20:00:03,2020-02-18 20:00:03,62.0,15.4,8f37ef3a2fd600a218aa9fa1e195b006f4ede8d1,,,,,
2020-02-18 21:00:03,10424,146,15,41,50.52,45.16,41,50.24,50.52,11637,5225,,4.2,,2020-02-18 21:00:03,2020-02-18 21:00:03,65.9,14.6,8f37ef3a2fd600a218aa9fa1e195b006f4ede8d1,,,,,
2020-02-18 22:00:03,10430,146,15,52,69.9,51.28,52,68.69,69.9,11637,4630,,4.2,,2020-02-18 22:00:03,2020-02-18 22:00:03,68.8,13.8,8f37ef3a2fd600a218aa9fa1e195b006f4ede8d1,,,,,
2020-02-18 23:00:04,10440,146,15,135,209.93,111.71,135,203.12,209.93,11637,6351,,4.2,,2020-02-18 23:00:04,2020-02-18 23:00:04,71.0,13.0,8f37ef3a2fd600a218aa9fa1e195b006f4ede8d1,,,,,
2020-02-19 01:58:43,10447,146,15,56,71.25,68.11,56,71.19,71.25,11637,5229,,4.2,,2020-02-19 01:58:43,2020-02-19 01:58:43,75.7,10.9,8f37ef3a2fd600a218aa9fa1e195b006f4ede8d1,,,,,
2020-02-19 02:00:30,10454,146,15,63,85.04,71.05,63,84.21,85.04,11637,4231,,4.2,,2020-02-19 02:00:30,2020-02-19 02:00:30,75.6,10.8,8f37ef3a2fd600a218aa9fa1e195b006f4ede8d1,,,,,
2020-02-19 02:59:57,10455,146,15,44,58.54,50.5,44,58.09,58.54,11637,6361,,4.18,,2020-02-19 02:59:57,2020-02-19 02:59:57,74.8,10.4,8f37ef3a2fd600a218aa9fa1e195b006f4ede8d1,,,,,
2020-02-19 04:00:04,10465,146,15,46,63.68,50.3,46,62.84,63.68,11637,5224,,4.2,,2020-02-19 04:00:04,2020-02-19 04:00:04,75.1,9.9,8f37ef3a2fd600a218aa9fa1e195b006f4ede8d1,,,,,
2020-02-19 05:00:02,10472,146,15,37,50.12,41.37,37,49.59,50.12,11637,4836,,4.2,,2020-02-19 05:00:02,2020-02-19 05:00:02,73.7,9.6,8f37ef3a2fd600a218aa9fa1e195b006f4ede8d1,,,,,
2020-02-19 06:00:08,10481,146,15,39,51.59,43.85,39,51.14,51.59,11637,6361,,4.18,,2020-02-19 06:00:08,2020-02-19 06:00:08,73.5,9.9,8f37ef3a2fd600a218aa9fa1e195b006f4ede8d1,,,,,
2020-02-19 07:00:09,10488,146,15,40,51.22,42.8,40,50.71,51.22,11637,5225,,4.2,,2020-02-19 07:00:09,2020-02-19 07:00:09,68.5,10.3,8f37ef3a2fd600a218aa9fa1e195b006f4ede8d1,,,,,
2020-02-19 08:00:05,10495,146,15,36,46.28,40.27,36,45.94,46.28,11637,5230,,4.17,,2020-02-19 08:00:05,2020-02-19 08:00:05,70.0,10.3,8f37ef3a2fd600a218aa9fa1e195b006f4ede8d1,,,,,
2020-02-19 09:00:10,10502,146,15,30,37.64,30.35,30,37.19,37.64,11637,5691,,4.2,,2020-02-19 09:00:10,2020-02-19 09:00:10,60.9,11.3,8f37ef3a2fd600a218aa9fa1e195b006f4ede8d1,,,,,
2020-02-19 10:00:16,10509,146,15,37,43.02,37.85,37,42.74,43.02,11637,5740,,4.2,,2020-02-19 10:00:16,2020-02-19 10:00:16,53.7,13.9,8f37ef3a2fd600a218aa9fa1e195b006f4ede8d1,,,,,
2020-02-19 11:00:19,10517,146,15,40,43.27,41.86,40,43.27,43.27,11637,4842,,4.2,,2020-02-19 11:00:19,2020-02-19 11:00:19,48.4,18.1,8f37ef3a2fd600a218aa9fa1e195b006f4ede8d1,,,,,
2020-02-19 12:00:41,10525,146,15,43,45.18,41.98,43,45.06,45.18,11637,6361,,4.2,,2020-02-19 12:00:41,2020-02-19 12:00:41,35.1,24.1,8f37ef3a2fd600a218aa9fa1e195b006f4ede8d1,,,,,
2020-02-19 13:00:22,10535,146,15,46,49.39,44.2,46,49.12,49.39,11637,5722,,4.2,,2020-02-19 13:00:22,2020-02-19 13:00:22,29.8,27.3,8f37ef3a2fd600a218aa9fa1e195b006f4ede8d1,,,,,
2020-02-19 13:59:46,10537,146,15,45,53.25,37.31,45,52.19,53.25,11637,5234,,4.2,,2020-02-19 13:59:46,2020-02-19 13:59:46,35.1,23.2,8f37ef3a2fd600a218aa9fa1e195b006f4ede8d1,,,,,
2020-02-19 14:59:56,10546,146,15,40,44.74,36.67,40,44.25,44.74,11637,5691,,4.2,,2020-02-19 14:59:56,2020-02-19 14:59:56,38.0,21.7,8f37ef3a2fd600a218aa9fa1e195b006f4ede8d1,,,,,
2020-02-19 16:00:00,10553,146,15,34,38.0,31.28,34,37.59,38.0,11637,5222,,4.2,,2020-02-19 16:00:00,2020-02-19 16:00:00,38.1,19.9,8f37ef3a2fd600a218aa9fa1e195b006f4ede8d1,,,,,
2020-02-19 16:59:58,10560,146,15,30,33.29,27.94,30,32.97,33.29,11637,4827,,4.2,,2020-02-19 16:59:58,2020-02-19 16:59:58,36.7,18.3,8f37ef3a2fd600a218aa9fa1e195b006f4ede8d1,,,,,
2020-02-19 17:59:59,10568,146,15,21,25.0,18.32,21,24.57,25.0,11637,6351,,4.2,,2020-02-19 17:59:59,2020-02-19 17:59:59,39.2,17.1,8f37ef3a2fd600a218aa9fa1e195b006f4ede8d1,,,,,
2020-02-19 18:59:58,10574,146,15,24,27.13,23.05,24,26.89,27.13,11637,5227,,4.2,,2020-02-19 18:59:58,2020-02-19 18:59:58,44.4,15.5,8f37ef3a2fd600a218aa9fa1e195b006f4ede8d1,,,,,
2020-02-19 20:00:02,10585,146,15,22,27.89,17.93,22,27.21,27.89,11637,4627,,4.2,,2020-02-19 20:00:02,2020-02-19 20:00:02,41.0,14.7,8f37ef3a2fd600a218aa9fa1e195b006f4ede8d1,,,,,
2020-02-19 21:00:01,10588,146,15,17,19.79,16.6,17,19.6,19.79,11637,5191,,4.2,,2020-02-19 21:00:01,2020-02-19 21:00:01,44.5,13.9,8f37ef3a2fd600a218aa9fa1e195b006f4ede8d1,,,,,
2020-02-19 22:00:08,10600,146,15,8,8.68,8.4,8,8.68,8.68,11637,6424,,4.2,,2020-02-19 22:00:08,2020-02-19 22:00:08,39.2,12.9,8f37ef3a2fd600a218aa9fa1e195b006f4ede8d1,,,,,
2020-02-19 22:00:58,10602,146,15,15,20.71,9.23,15,19.9,20.71,11637,4832,,4.2,,2020-02-19 22:00:58,2020-02-19 22:00:58,39.3,12.8,8f37ef3a2fd600a218aa9fa1e195b006f4ede8d1,,,,,
2020-02-19 22:59:54,10603,146,15,5,6.89,3.06,5,6.62,6.89,11637,5691,,4.2,,2020-02-19 22:59:54,2020-02-19 22:59:54,30.5,12.4,8f37ef3a2fd600a218aa9fa1e195b006f4ede8d1,,,,,
2020-02-20 01:58:57,10616,146,15,2,3.2800000000000002,1.71,2,3.17,3.2800000000000002,11637,5725,,4.2,,2020-02-20 01:58:57,2020-02-20 01:58:57,38.1,11.0,8f37ef3a2fd600a218aa9fa1e195b006f4ede8d1,,,,,
2020-02-20 02:00:30,10623,146,15,4,5.86,2.54,4,5.63,5.86,11637,5031,,4.2,,2020-02-20 02:00:30,2020-02-20 02:00:30,38.5,10.9,8f37ef3a2fd600a218aa9fa1e195b006f4ede8d1,,,,,
2020-02-20 02:59:58,10626,146,15,11,15.88,6.62,11,15.23,15.88,11637,6361,,4.2,,2020-02-20 02:59:58,2020-02-20 02:59:58,40.7,10.1,8f37ef3a2fd600a218aa9fa1e195b006f4ede8d1,,,,,
2020-02-20 04:00:01,10631,146,15,2,2.45,2.37,2,2.45,2.45,11637,6439,,4.14,,2020-02-20 04:00:01,2020-02-20 04:00:01,43.7,9.3,8f37ef3a2fd600a218aa9fa1e195b006f4ede8d1,,,,,
2020-02-20 04:59:59,10638,146,15,5,7.59,3.41,5,7.3,7.59,11637,4431,,4.19,,2020-02-20 04:59:59,2020-02-20 04:59:59,46.0,8.3,8f37ef3a2fd600a218aa9fa1e195b006f4ede8d1,,,,,
2020-02-20 06:00:02,10645,146,15,3,3.45,3.34,3,3.45,3.45,11637,5191,,4.14,,2020-02-20 06:00:02,2020-02-20 06:00:02,46.7,7.9,8f37ef3a2fd600a218aa9fa1e195b006f4ede8d1,,,,,
2020-02-20 07:00:08,10657,146,15,6,6.17,5.97,6,6.17,6.17,11637,6124,,4.15,,2020-02-20 07:00:08,2020-02-20 07:00:08,47.4,7.8,8f37ef3a2fd600a218aa9fa1e195b006f4ede8d1,,,,,
2020-02-20 08:00:06,10664,146,15,9,10.35,8.89,9,10.26,10.35,11637,4640,,4.19,,2020-02-20 08:00:06,2020-02-20 08:00:06,47.5,8.0,8f37ef3a2fd600a218aa9fa1e195b006f4ede8d1,,,,,
2020-02-20 09:00:11,10671,146,15,7,7.14,6.91,7,7.14,7.14,11637,5691,,4.15,,2020-02-20 09:00:11,2020-02-20 09:00:11,42.9,9.2,8f37ef3a2fd600a218aa9fa1e195b006f4ede8d1,,,,,
2020-02-20 10:00:25,10679,146,15,6,5.96,5.77,6,5.96,5.96,11637,5222,,4.2,,2020-02-20 10:00:25,2020-02-20 10:00:25,33.3,15.9,8f37ef3a2fd600a218aa9fa1e195b006f4ede8d1,,,,,
2020-02-20 11:02:41,10690,146,15,9,10.13,7.35,9,9.95,10.13,11637,5727,,4.2,,2020-02-20 11:02:41,2020-02-20 11:02:41,23.2,21.8,8f37ef3a2fd600a218aa9fa1e195b006f4ede8d1,,,,,
2020-02-20 12:04:35,10696,146,15,8,8.09,7.82,8,8.09,8.09,11637,4882,,4.2,,2020-02-20 12:04:35,2020-02-20 12:04:35,15.9,28.8,8f37ef3a2fd600a218aa9fa1e195b006f4ede8d1,,,,,
2020-02-20 12:59:46,10698,146,15,6,6.16,5.0,6,6.09,6.16,11637,5691,,4.2,,2020-02-20 12:59:46,2020-02-20 12:59:46,17.4,26.0,8f37ef3a2fd600a218aa9fa1e195b006f4ede8d1,,,,,
2020-02-20 13:59:50,10706,146,15,6,7.4,5.38,6,7.27,7.4,11637,6422,,4.2,,2020-02-20 13:59:50,2020-02-20 13:59:50,19.7,22.3,8f37ef3a2fd600a218aa9fa1e195b006f4ede8d1,,,,,
2020-02-20 14:59:58,10713,146,15,9,10.41,7.17,9,10.19,10.41,11637,5163,,4.2,,2020-02-20 14:59:58,2020-02-20 14:59:58,22.8,20.7,8f37ef3a2fd600a218aa9fa1e195b006f4ede8d1,,,,,
2020-02-27 13:10:37,11856,99,15,1,1.17,1.13,1,1.17,1.17,20636,2626,,3.81,,2020-02-27 13:10:37,2020-02-27 13:10:37,25.0,21.1,ff8238a3ec079372426cd9837898475c25087175,,,,,
2020-03-02 11:25:17,12420,99,15,10,10.71,10.37,10,10.71,10.71,20636,2922,,3.64,,2020-03-02 11:25:17,2020-03-02 11:25:17,53.0,19.8,ff8238a3ec079372426cd9837898475c25087175,,,,,
2020-03-02 11:59:29,12434,99,15,10,14.6,14.13,10,14.6,14.6,20636,3578,,3.55,,2020-03-02 11:59:29,2020-03-02 11:59:29,84.5,9.0,ff8238a3ec079372426cd9837898475c25087175,,,,,
2020-03-02 13:00:09,12447,99,15,15,28.48,25.06,15,28.3,28.48,20636,3754,,3.63,,2020-03-02 13:00:09,2020-03-02 13:00:09,94.6,7.5,ff8238a3ec079372426cd9837898475c25087175,,,,,
2020-03-02 14:00:15,12455,99,15,7,14.02,13.56,7,14.02,14.02,20636,4063,,3.63,,2020-03-02 14:00:15,2020-03-02 14:00:15,96.6,7.8,ff8238a3ec079372426cd9837898475c25087175,,,,,
2020-03-02 15:00:11,12462,99,15,5,11.06,10.7,5,11.06,11.06,20636,4043,,3.52,,2020-03-02 15:00:11,2020-03-02 15:00:11,97.5,7.8,ff8238a3ec079372426cd9837898475c25087175,,,,,
2020-03-02 16:00:14,12472,99,15,6,13.83,11.48,6,13.69,13.83,20636,3400,,3.56,,2020-03-02 16:00:14,2020-03-02 16:00:14,97.6,8.4,ff8238a3ec079372426cd9837898475c25087175,,,,,
2020-03-02 17:00:12,12478,99,15,8,17.12,14.37,8,16.96,17.12,20636,3544,,3.61,,2020-03-02 17:00:12,2020-03-02 17:00:12,97.1,8.6,ff8238a3ec079372426cd9837898475c25087175,,,,,
2020-03-02 18:00:10,12484,99,15,12,24.12,23.33,12,24.12,24.12,20636,3561,,3.58,,2020-03-02 18:00:10,2020-03-02 18:00:10,97.2,7.9,ff8238a3ec079372426cd9837898475c25087175,,,,,
2020-03-02 19:00:07,12490,99,15,7,16.04,15.52,7,16.04,16.04,20636,3514,,3.61,,2020-03-02 19:00:07,2020-03-02 19:00:07,97.7,7.1,ff8238a3ec079372426cd9837898475c25087175,,,,,
2020-03-02 20:00:14,12496,99,15,14,31.13,29.13,14,31.05,31.13,20636,4094,,3.51,,2020-03-02 20:00:14,2020-03-02 20:00:14,97.8,7.3,ff8238a3ec079372426cd9837898475c25087175,,,,,
2020-03-02 21:00:11,12502,99,15,10,23.32,20.89,10,23.19,23.32,20636,2923,,3.51,,2020-03-02 21:00:11,2020-03-02 21:00:11,97.6,7.1,ff8238a3ec079372426cd9837898475c25087175,,,,,
2020-03-02 22:00:11,12508,99,15,11,27.01,22.15,11,26.71,27.01,20636,3221,,3.59,,2020-03-02 22:00:11,2020-03-02 22:00:11,98.0,7.1,ff8238a3ec079372426cd9837898475c25087175,,,,,
2020-03-02 23:00:13,12514,99,15,14,35.12,29.49,14,34.79,35.12,20636,3544,,3.61,,2020-03-02 23:00:13,2020-03-02 23:00:13,98.1,7.0,ff8238a3ec079372426cd9837898475c25087175,,,,,
2020-03-03 01:59:27,12523,99,15,9,20.42,18.07,9,20.3,20.42,20636,3200,,3.52,,2020-03-03 01:59:27,2020-03-03 01:59:27,97.6,7.6,ff8238a3ec079372426cd9837898475c25087175,,,,,
2020-03-03 03:00:12,12530,99,15,9,18.03,17.44,9,18.03,18.03,20636,3514,,3.54,,2020-03-03 03:00:12,2020-03-03 03:00:12,96.2,7.5,ff8238a3ec079372426cd9837898475c25087175,,,,,
2020-03-03 04:00:14,12536,99,15,12,23.66,22.47,12,23.63,23.66,20636,3514,,3.5,,2020-03-03 04:00:14,2020-03-03 04:00:14,95.8,7.5,ff8238a3ec079372426cd9837898475c25087175,,,,,
2020-03-03 05:00:15,12543,99,15,13,23.51,22.74,13,23.51,23.51,20636,3514,,3.5,,2020-03-03 05:00:15,2020-03-03 05:00:15,95.4,7.4,ff8238a3ec079372426cd9837898475c25087175,,,,,
2020-03-03 06:00:12,12548,99,15,14,25.76,24.33,14,25.72,25.76,20636,3406,,3.51,,2020-03-03 06:00:12,2020-03-03 06:00:12,95.1,7.2,ff8238a3ec079372426cd9837898475c25087175,,,,,
2020-03-03 07:00:12,12554,99,15,8,12.95,12.52,8,12.95,12.95,20636,3103,,3.61,,2020-03-03 07:00:12,2020-03-03 07:00:12,93.5,7.5,ff8238a3ec079372426cd9837898475c25087175,,,,,
2020-03-03 08:00:15,12562,99,15,4,7.93,4.72,4,7.71,7.93,20636,3158,,3.55,,2020-03-03 08:00:15,2020-03-03 08:00:15,90.0,8.5,ff8238a3ec079372426cd9837898475c25087175,,,,,
2020-03-03 09:00:20,12568,99,15,10,14.84,11.34,10,14.61,14.84,20636,3374,,3.6,,2020-03-03 09:00:20,2020-03-03 09:00:20,78.0,9.9,ff8238a3ec079372426cd9837898475c25087175,,,,,
2020-03-03 10:00:10,12574,99,15,9,13.63,13.19,9,13.63,13.63,20636,3733,,3.56,,2020-03-03 10:00:10,2020-03-03 10:00:10,86.7,9.1,ff8238a3ec079372426cd9837898475c25087175,,,,,
2020-03-03 11:00:12,12583,99,15,20,30.02,26.3,20,29.81,30.02,20636,3113,,3.62,,2020-03-03 11:00:12,2020-03-03 11:00:12,85.2,10.1,ff8238a3ec079372426cd9837898475c25087175,,,,,
2020-03-03 12:00:15,12610,99,15,24,35.3,30.84,24,35.05,35.3,20636,3567,,3.57,,2020-03-03 12:00:15,2020-03-03 12:00:15,83.2,10.5,ff8238a3ec079372426cd9837898475c25087175,,,,,
2020-03-03 13:00:12,12644,99,15,20,27.43,26.12,20,27.4,27.43,20636,2913,,3.62,,2020-03-03 13:00:12,2020-03-03 13:00:12,83.3,11.2,ff8238a3ec079372426cd9837898475c25087175,,,,,
2020-03-03 13:10:34,12657,99,15,23,31.12,30.11,23,31.12,31.12,20636,3179,,3.57,,2020-03-03 13:10:34,2020-03-03 13:10:34,82.6,11.5,ff8238a3ec079372426cd9837898475c25087175,,,,,
2020-03-03 13:20:34,12661,99,15,23,31.2,29.18,23,31.12,31.2,20636,3504,,3.57,,2020-03-03 13:20:34,2020-03-03 13:20:34,81.6,11.8,ff8238a3ec079372426cd9837898475c25087175,,,,,
2020-03-03 13:30:34,12663,99,15,19,25.73,24.89,19,25.73,25.73,20636,3514,,3.56,,2020-03-03 13:30:34,2020-03-03 13:30:34,80.4,12.0,ff8238a3ec079372426cd9837898475c25087175,,,,,
2020-03-03 13:40:34,12666,99,15,21,27.59,26.69,21,27.59,27.59,20636,4214,,3.61,,2020-03-03 13:40:34,2020-03-03 13:40:34,78.6,12.1,ff8238a3ec079372426cd9837898475c25087175,,,,,
2020-03-03 13:50:34,12668,99,15,17,22.58,21.84,17,22.58,22.58,20636,2969,,3.62,,2020-03-03 13:50:34,2020-03-03 13:50:34,79.1,12.1,ff8238a3ec079372426cd9837898475c25087175,,,,,
2020-03-03 14:00:35,12674,99,15,18,23.19,22.43,18,23.19,23.19,20636,5554,,3.56,,2020-03-03 14:00:35,2020-03-03 14:00:35,78.0,12.1,ff8238a3ec079372426cd9837898475c25087175,,,,,
2020-03-03 14:10:33,12676,99,15,18,23.59,21.99,18,23.53,23.59,20636,2557,,3.61,,2020-03-03 14:10:33,2020-03-03 14:10:33,78.0,12.0,ff8238a3ec079372426cd9837898475c25087175,,,,,
2020-03-03 14:20:33,12678,99,15,22,28.9,27.06,22,28.83,28.9,20636,3343,,3.56,,2020-03-03 14:20:33,2020-03-03 14:20:33,77.8,11.9,ff8238a3ec079372426cd9837898475c25087175,,,,,
2020-03-03 14:30:36,12680,99,15,25,32.82,31.45,25,32.8,32.82,20636,3514,,3.54,,2020-03-03 14:30:36,2020-03-03 14:30:36,78.6,12.0,ff8238a3ec079372426cd9837898475c25087175,,,,,
2020-03-03 14:40:33,12682,99,15,17,22.67,20.92,17,22.59,22.67,20636,3113,,3.61,,2020-03-03 14:40:33,2020-03-03 14:40:33,78.5,12.4,ff8238a3ec079372426cd9837898475c25087175,,,,,
2020-03-03 14:50:34,12684,99,15,20,26.16,25.3,20,26.16,26.16,20636,3561,,3.55,,2020-03-03 14:50:34,2020-03-03 14:50:34,77.1,12.7,ff8238a3ec079372426cd9837898475c25087175,,,,,
2020-03-03 15:00:33,12690,99,15,22,28.21,26.64,22,28.17,28.21,20636,3153,,3.64,,2020-03-03 15:00:33,2020-03-03 15:00:33,76.8,13.0,ff8238a3ec079372426cd9837898475c25087175,,,,,
2020-03-03 15:10:34,12694,99,15,20,24.22,23.43,20,24.22,24.22,20636,3173,,3.5300000000000002,,2020-03-03 15:10:34,2020-03-03 15:10:34,73.0,13.2,ff8238a3ec079372426cd9837898475c25087175,,,,,
2020-03-03 15:20:33,12696,99,15,19,22.87,22.12,19,22.87,22.87,20636,3123,,3.52,,2020-03-03 15:20:33,2020-03-03 15:20:33,70.6,13.1,ff8238a3ec079372426cd9837898475c25087175,,,,,
2020-03-03 15:30:33,12698,99,15,17,21.14,19.84,17,21.1,21.14,20636,3504,,3.54,,2020-03-03 15:30:33,2020-03-03 15:30:33,71.7,12.8,ff8238a3ec079372426cd9837898475c25087175,,,,,
2020-03-03 15:40:33,12700,99,15,19,24.28,20.77,19,24.07,24.28,20636,3304,,3.52,,2020-03-03 15:40:33,2020-03-03 15:40:33,71.0,12.6,ff8238a3ec079372426cd9837898475c25087175,,,,,
2020-03-03 15:50:34,12702,99,15,15,18.24,17.02,15,18.19,18.24,20636,3379,,3.62,,2020-03-03 15:50:34,2020-03-03 15:50:34,71.3,12.5,ff8238a3ec079372426cd9837898475c25087175,,,,,
2020-03-03 16:00:34,12708,99,15,14,16.53,15.99,14,16.53,16.53,20636,3724,,3.51,,2020-03-03 16:00:34,2020-03-03 16:00:34,71.7,12.5,ff8238a3ec079372426cd9837898475c25087175,,,,,
2020-03-03 16:10:33,12711,99,15,11,13.78,13.33,11,13.78,13.78,20636,3197,,3.58,,2020-03-03 16:10:33,2020-03-03 16:10:33,69.8,12.6,ff8238a3ec079372426cd9837898475c25087175,,,,,
2020-03-03 16:20:33,12713,99,15,11,13.29,12.86,11,13.29,13.29,20636,3124,,3.63,,2020-03-03 16:20:33,2020-03-03 16:20:33,69.0,12.6,ff8238a3ec079372426cd9837898475c25087175,,,,,
2020-03-03 16:30:34,12716,99,15,13,16.36,15.83,13,16.36,16.36,20636,2903,,3.54,,2020-03-03 16:30:34,2020-03-03 16:30:34,71.0,12.6,ff8238a3ec079372426cd9837898475c25087175,,,,,
2020-03-03 16:40:36,12719,99,15,14,17.17,16.61,14,17.17,17.17,20636,6164,,3.5300000000000002,,2020-03-03 16:40:36,2020-03-03 16:40:36,70.6,12.7,ff8238a3ec079372426cd9837898475c25087175,,,,,
2020-03-03 16:50:33,12721,99,15,10,12.17,10.96,10,12.11,12.17,20636,3166,,3.58,,2020-03-03 16:50:33,2020-03-03 16:50:33,71.0,12.6,ff8238a3ec079372426cd9837898475c25087175,,,,,
2020-03-03 17:00:34,12731,99,15,9,11.61,10.8,9,11.58,11.61,20636,3333,,3.52,,2020-03-03 17:00:34,2020-03-03 17:00:34,69.2,12.6,ff8238a3ec079372426cd9837898475c25087175,,,,,
2020-03-03 17:10:34,12733,99,15,12,15.46,13.07,12,15.32,15.46,20636,3557,,3.49,,2020-03-03 17:10:34,2020-03-03 17:10:34,69.3,12.5,ff8238a3ec079372426cd9837898475c25087175,,,,,
2020-03-03 17:20:34,12735,99,15,11,13.45,11.84,11,13.36,13.45,20636,3524,,3.52,,2020-03-03 17:20:34,2020-03-03 17:20:34,69.5,12.4,ff8238a3ec079372426cd9837898475c25087175,,,,,
2020-03-03 17:30:34,12737,99,15,11,13.54,11.39,11,13.42,13.54,20636,4044,,3.56,,2020-03-03 17:30:34,2020-03-03 17:30:34,69.7,12.2,ff8238a3ec079372426cd9837898475c25087175,,,,,
2020-03-03 17:40:34,12739,99,15,12,15.95,13.3,12,15.79,15.95,20636,3133,,3.5300000000000002,,2020-03-03 17:40:34,2020-03-03 17:40:34,69.8,11.9,ff8238a3ec079372426cd9837898475c25087175,,,,,
2020-03-03 17:50:36,12741,99,15,10,12.56,12.15,10,12.56,12.56,20636,6564,,3.51,,2020-03-03 17:50:36,2020-03-03 17:50:36,68.8,11.7,ff8238a3ec079372426cd9837898475c25087175,,,,,
2020-03-03 18:00:34,12750,99,15,9,10.67,10.32,9,10.67,10.67,20636,4043,,3.6,,2020-03-03 18:00:34,2020-03-03 18:00:34,69.0,11.5,ff8238a3ec079372426cd9837898475c25087175,,,,,
2020-03-03 18:10:33,12754,99,15,9,10.94,10.58,9,10.94,10.94,20636,3160,,3.59,,2020-03-03 18:10:33,2020-03-03 18:10:33,71.1,11.3,ff8238a3ec079372426cd9837898475c25087175,,,,,
2020-03-03 18:20:33,12756,99,15,11,13.2,12.77,11,13.2,13.2,20636,3314,,3.51,,2020-03-03 18:20:33,2020-03-03 18:20:33,72.5,11.1,ff8238a3ec079372426cd9837898475c25087175,,,,,
2020-03-03 18:30:34,12758,99,15,10,13.03,12.6,10,13.03,13.03,20636,3333,,3.58,,2020-03-03 18:30:34,2020-03-03 18:30:34,73.6,10.9,ff8238a3ec079372426cd9837898475c25087175,,,,,
2020-03-03 18:40:33,12760,99,15,13,16.29,15.76,13,16.29,16.29,20636,3323,,3.51,,2020-03-03 18:40:33,2020-03-03 18:40:33,74.9,10.8,ff8238a3ec079372426cd9837898475c25087175,,,,,
2020-03-03 18:50:34,12762,99,15,11,13.86,13.41,11,13.86,13.86,20636,3248,,3.49,,2020-03-03 18:50:34,2020-03-03 18:50:34,75.5,10.5,ff8238a3ec079372426cd9837898475c25087175,,,,,
2020-03-03 19:00:35,12771,99,15,12,14.89,14.41,12,14.89,14.89,20636,4063,,3.5,,2020-03-03 19:00:35,2020-03-03 19:00:35,76.7,10.4,ff8238a3ec079372426cd9837898475c25087175,,,,,
2020-03-03 19:10:33,12773,99,15,12,15.13,14.63,12,15.13,15.13,20636,2750,,3.57,,2020-03-03 19:10:33,2020-03-03 19:10:33,78.8,10.3,ff8238a3ec079372426cd9837898475c25087175,,,,,
2020-03-03 19:20:33,12775,99,15,13,17.81,17.23,13,17.81,17.81,20636,2913,,3.51,,2020-03-03 19:20:33,2020-03-03 19:20:33,80.3,10.2,ff8238a3ec079372426cd9837898475c25087175,,,,,
2020-03-03 19:30:34,12777,99,15,15,20.0,19.35,15,20.0,20.0,20636,4063,,3.58,,2020-03-03 19:30:34,2020-03-03 19:30:34,81.3,10.1,ff8238a3ec079372426cd9837898475c25087175,,,,,
2020-03-03 19:40:34,12779,99,15,13,19.17,16.85,13,19.04,19.17,20636,3333,,3.52,,2020-03-03 19:40:34,2020-03-03 19:40:34,82.3,10.0,ff8238a3ec079372426cd9837898475c25087175,,,,,
2020-03-03 19:50:35,12781,99,15,16,22.34,20.12,16,22.23,22.34,20636,4612,,3.57,,2020-03-03 19:50:35,2020-03-03 19:50:35,81.9,9.9,ff8238a3ec079372426cd9837898475c25087175,,,,,
2020-03-03 20:00:34,12790,99,15,14,19.68,19.04,14,19.68,19.68,20636,3333,,3.55,,2020-03-03 20:00:34,2020-03-03 20:00:34,82.6,9.9,ff8238a3ec079372426cd9837898475c25087175,,,,,
2020-03-03 20:10:34,12793,99,15,15,21.24,20.55,15,21.24,21.24,20636,3545,,3.57,,2020-03-03 20:10:34,2020-03-03 20:10:34,83.0,9.9,ff8238a3ec079372426cd9837898475c25087175,,,,,
2020-03-03 20:20:34,12795,99,15,12,17.03,16.13,12,17.0,17.03,20636,3754,,3.58,,2020-03-03 20:20:34,2020-03-03 20:20:34,83.9,9.8,ff8238a3ec079372426cd9837898475c25087175,,,,,
2020-03-03 20:30:34,12797,99,15,13,18.17,17.58,13,18.17,18.17,20636,3504,,3.57,,2020-03-03 20:30:34,2020-03-03 20:30:34,84.7,9.7,ff8238a3ec079372426cd9837898475c25087175,,,,,
2020-03-03 20:40:34,12799,99,15,15,21.6,19.67,15,21.51,21.6,20636,3314,,3.49,,2020-03-03 20:40:34,2020-03-03 20:40:34,85.6,9.7,ff8238a3ec079372426cd9837898475c25087175,,,,,
2020-03-03 20:50:34,12801,99,15,18,26.15,25.01,18,26.13,26.15,20636,3777,,3.56,,2020-03-03 20:50:34,2020-03-03 20:50:34,85.7,9.7,ff8238a3ec079372426cd9837898475c25087175,,,,,
2020-03-03 21:00:33,12810,99,15,17,26.77,21.92,17,26.47,26.77,20636,2903,,3.56,,2020-03-03 21:00:33,2020-03-03 21:00:33,86.1,9.6,ff8238a3ec079372426cd9837898475c25087175,,,,,
2020-03-03 21:10:33,12812,99,15,18,26.14,25.29,18,26.14,26.14,20636,3352,,3.48,,2020-03-03 21:10:33,2020-03-03 21:10:33,85.8,9.5,ff8238a3ec079372426cd9837898475c25087175,,,,,
2020-03-03 21:20:33,12814,99,15,19,28.0,27.09,19,28.0,28.0,20636,3113,,3.5,,2020-03-03 21:20:33,2020-03-03 21:20:33,86.3,9.4,ff8238a3ec079372426cd9837898475c25087175,,,,,
2020-03-03 21:30:35,12816,99,15,20,30.42,26.59,20,30.21,30.42,20636,3944,,3.58,,2020-03-03 21:30:35,2020-03-03 21:30:35,87.3,9.3,ff8238a3ec079372426cd9837898475c25087175,,,,,
2020-03-03 21:40:32,12818,99,15,21,31.96,29.0,21,31.82,31.96,20636,2903,,3.45,,2020-03-03 21:40:32,2020-03-03 21:40:32,87.3,9.2,ff8238a3ec079372426cd9837898475c25087175,,,,,
2020-03-03 21:50:34,12820,99,15,20,28.85,27.91,20,28.85,28.85,20636,3365,,3.55,,2020-03-03 21:50:34,2020-03-03 21:50:34,86.8,9.2,ff8238a3ec079372426cd9837898475c25087175,,,,,
2020-03-03 22:00:34,12829,99,15,18,28.91,24.74,18,28.67,28.91,20636,3323,,3.45,,2020-03-03 22:00:34,2020-03-03 22:00:34,88.6,9.0,ff8238a3ec079372426cd9837898475c25087175,,,,,
2020-03-03 22:10:33,12831,99,15,18,27.25,26.25,18,27.25,27.25,20636,3002,,3.55,,2020-03-03 22:10:33,2020-03-03 22:10:33,88.0,9.0,ff8238a3ec079372426cd9837898475c25087175,,,,,
2020-03-03 22:20:34,12833,99,15,21,32.03,27.95,21,31.8,32.03,20636,3273,,3.49,,2020-03-03 22:20:34,2020-03-03 22:20:34,88.0,8.9,ff8238a3ec079372426cd9837898475c25087175,,,,,
2020-03-03 22:30:34,12835,99,15,22,32.34,31.29,22,32.34,32.34,20636,3504,,3.4699999999999998,,2020-03-03 22:30:34,2020-03-03 22:30:34,88.1,8.8,ff8238a3ec079372426cd9837898475c25087175,,,,,
2020-03-03 22:40:34,12837,99,15,19,27.83,26.93,19,27.83,27.83,20636,2913,,3.49,,2020-03-03 22:40:34,2020-03-03 22:40:34,88.3,8.8,ff8238a3ec079372426cd9837898475c25087175,,,,,
2020-03-03 22:50:33,12839,99,15,16,24.53,23.74,16,24.53,24.53,20636,3426,,3.45,,2020-03-03 22:50:33,2020-03-03 22:50:33,88.6,8.8,ff8238a3ec079372426cd9837898475c25087175,,,,,
2020-03-03 23:00:34,12848,99,15,18,27.19,25.14,18,27.1,27.19,20636,3143,,3.49,,2020-03-03 23:00:34,2020-03-03 23:00:34,88.6,8.7,ff8238a3ec079372426cd9837898475c25087175,,,,,
2020-03-04 01:59:03,12859,99,15,14,20.11,19.45,14,20.11,20.11,20636,3570,,3.56,,2020-03-04 01:59:03,2020-03-04 01:59:03,86.8,8.2,ff8238a3ec079372426cd9837898475c25087175,,,,,
2020-03-04 02:10:36,12870,99,15,14,21.1,20.41,14,21.1,21.1,20636,3904,,3.45,,2020-03-04 02:10:36,2020-03-04 02:10:36,87.0,8.1,ff8238a3ec079372426cd9837898475c25087175,,,,,
2020-03-04 02:20:34,12872,99,15,15,22.39,19.67,15,22.25,22.39,20636,3504,,3.48,,2020-03-04 02:20:34,2020-03-04 02:20:34,87.0,8.0,ff8238a3ec079372426cd9837898475c25087175,,,,,
2020-03-04 02:30:34,12874,99,15,13,18.48,17.88,13,18.48,18.48,20636,3504,,3.48,,2020-03-04 02:30:34,2020-03-04 02:30:34,86.8,8.0,ff8238a3ec079372426cd9837898475c25087175,,,,,
2020-03-04 02:40:34,12876,99,15,12,17.44,16.25,12,17.4,17.44,20636,3840,,3.43,,2020-03-04 02:40:34,2020-03-04 02:40:34,86.6,7.9,ff8238a3ec079372426cd9837898475c25087175,,,,,
2020-03-04 02:50:33,12878,99,15,13,20.51,17.51,13,20.34,20.51,20636,3514,,3.48,,2020-03-04 02:50:33,2020-03-04 02:50:33,86.6,8.0,ff8238a3ec079372426cd9837898475c25087175,,,,,
2020-03-04 03:00:42,12888,99,15,16,26.2,18.2,16,25.67,26.2,20636,11577,,3.44,,2020-03-04 03:00:42,2020-03-04 03:00:42,86.5,7.9,ff8238a3ec079372426cd9837898475c25087175,,,,,
2020-03-04 03:10:36,12890,99,15,13,18.28,17.68,13,18.28,18.28,20636,3114,,3.48,,2020-03-04 03:10:36,2020-03-04 03:10:36,86.4,7.8,ff8238a3ec079372426cd9837898475c25087175,,,,,
2020-03-04 03:20:34,12892,99,15,12,17.45,16.0,12,17.38,17.45,20636,3514,,3.45,,2020-03-04 03:20:34,2020-03-04 03:20:34,86.4,7.8,ff8238a3ec079372426cd9837898475c25087175,,,,,
2020-03-04 03:30:37,12894,99,15,12,18.36,15.76,12,18.21,18.36,20636,3714,,3.43,,2020-03-04 03:30:37,2020-03-04 03:30:37,86.3,7.7,ff8238a3ec079372426cd9837898475c25087175,,,,,
2020-03-04 03:40:36,12896,99,15,11,16.32,15.79,11,16.32,16.32,20636,3595,,3.5300000000000002,,2020-03-04 03:40:36,2020-03-04 03:40:36,86.1,7.7,ff8238a3ec079372426cd9837898475c25087175,,,,,
2020-03-04 03:50:37,12898,99,15,6,8.23,7.96,6,8.23,8.23,20636,4044,,3.43,,2020-03-04 03:50:37,2020-03-04 03:50:37,83.6,7.6,ff8238a3ec079372426cd9837898475c25087175,,,,,
2020-03-04 04:00:33,12908,99,15,11,14.91,13.67,11,14.85,14.91,20636,3355,,3.46,,2020-03-04 04:00:33,2020-03-04 04:00:33,81.5,7.6,ff8238a3ec079372426cd9837898475c25087175,,,,,
2020-03-04 04:10:34,12916,99,15,10,13.07,12.64,10,13.07,13.07,20636,3504,,3.46,,2020-03-04 04:10:34,2020-03-04 04:10:34,81.7,7.5,ff8238a3ec079372426cd9837898475c25087175,,,,,
2020-03-04 04:20:33,12918,99,15,11,15.17,14.68,11,15.17,15.17,20636,3304,,3.55,,2020-03-04 04:20:33,2020-03-04 04:20:33,81.9,7.5,ff8238a3ec079372426cd9837898475c25087175,,,,,
2020-03-04 04:30:34,12920,99,15,9,12.51,12.1,9,12.51,12.51,20636,3304,,3.4699999999999998,,2020-03-04 04:30:34,2020-03-04 04:30:34,83.3,7.4,ff8238a3ec079372426cd9837898475c25087175,,,,,
2020-03-04 04:40:33,12922,99,15,14,19.36,18.14,14,19.32,19.36,20636,3529,,3.45,,2020-03-04 04:40:33,2020-03-04 04:40:33,84.6,7.3,ff8238a3ec079372426cd9837898475c25087175,,,,,
2020-03-04 04:50:33,12924,99,15,13,18.34,17.75,13,18.34,18.34,20636,3103,,3.54,,2020-03-04 04:50:33,2020-03-04 04:50:33,85.1,7.3,ff8238a3ec079372426cd9837898475c25087175,,,,,
2020-03-04 05:00:33,12934,99,15,14,20.41,18.92,14,20.35,20.41,20636,3350,,3.45,,2020-03-04 05:00:33,2020-03-04 05:00:33,85.3,7.2,ff8238a3ec079372426cd9837898475c25087175,,,,,
2020-03-04 05:10:34,12936,99,15,14,20.29,17.72,14,20.14,20.29,20636,3544,,3.44,,2020-03-04 05:10:34,2020-03-04 05:10:34,85.4,7.1,ff8238a3ec079372426cd9837898475c25087175,,,,,
2020-03-04 05:20:33,12938,99,15,14,20.09,18.32,14,20.01,20.09,20636,3704,,3.49,,2020-03-04 05:20:33,2020-03-04 05:20:33,85.9,7.1,ff8238a3ec079372426cd9837898475c25087175,,,,,
2020-03-04 05:30:34,12940,99,15,17,24.57,23.77,17,24.57,24.57,20636,3114,,3.51,,2020-03-04 05:30:34,2020-03-04 05:30:34,86.4,7.1,ff8238a3ec079372426cd9837898475c25087175,,,,,
2020-03-04 05:40:33,12942,99,15,15,21.78,21.07,15,21.78,21.78,20636,3177,,3.51,,2020-03-04 05:40:33,2020-03-04 05:40:33,86.5,7.1,ff8238a3ec079372426cd9837898475c25087175,,,,,
2020-03-04 05:50:34,12944,99,15,15,21.03,20.35,15,21.03,21.03,20636,3524,,3.5,,2020-03-04 05:50:34,2020-03-04 05:50:34,86.5,7.1,ff8238a3ec079372426cd9837898475c25087175,,,,,
2020-03-04 06:00:34,12954,99,15,15,22.3,21.58,15,22.3,22.3,20636,3551,,3.46,,2020-03-04 06:00:34,2020-03-04 06:00:34,86.8,7.1,ff8238a3ec079372426cd9837898475c25087175,,,,,
2020-03-04 06:10:33,12956,99,15,15,21.52,20.82,15,21.52,21.52,20636,3314,,3.4699999999999998,,2020-03-04 06:10:33,2020-03-04 06:10:33,86.4,7.1,ff8238a3ec079372426cd9837898475c25087175,,,,,
2020-03-04 06:20:34,12958,99,15,16,22.69,21.95,16,22.69,22.69,20636,3304,,3.45,,2020-03-04 06:20:34,2020-03-04 06:20:34,86.2,7.0,ff8238a3ec079372426cd9837898475c25087175,,,,,
2020-03-04 06:30:32,12960,99,15,15,21.38,20.69,15,21.38,21.38,20636,2903,,3.49,,2020-03-04 06:30:32,2020-03-04 06:30:32,86.2,7.0,ff8238a3ec079372426cd9837898475c25087175,,,,,
2020-03-04 06:40:35,12962,99,15,18,26.67,24.8,18,26.6,26.67,20636,4370,,3.51,,2020-03-04 06:40:35,2020-03-04 06:40:35,86.1,7.0,ff8238a3ec079372426cd9837898475c25087175,,,,,
2020-03-04 06:50:34,12964,99,15,21,30.26,29.27,21,30.26,30.26,20636,3514,,3.52,,2020-03-04 06:50:34,2020-03-04 06:50:34,86.4,7.0,ff8238a3ec079372426cd9837898475c25087175,,,,,
2020-03-04 07:00:33,12974,99,15,16,22.6,21.73,16,22.59,22.6,20636,3147,,3.43,,2020-03-04 07:00:33,2020-03-04 07:00:33,86.6,7.0,ff8238a3ec079372426cd9837898475c25087175,,,,,
2020-03-04 07:10:34,12976,99,15,19,27.06,26.18,19,27.06,27.06,20636,4044,,3.41,,2020-03-04 07:10:34,2020-03-04 07:10:34,86.2,6.9,ff8238a3ec079372426cd9837898475c25087175,,,,,
2020-03-04 07:20:34,12978,99,15,18,26.12,25.08,18,26.11,26.12,20636,3504,,3.44,,2020-03-04 07:20:34,2020-03-04 07:20:34,86.1,7.0,ff8238a3ec079372426cd9837898475c25087175,,,,,
2020-03-04 07:30:34,12980,99,15,17,24.4,23.61,17,24.4,24.4,20636,3514,,3.52,,2020-03-04 07:30:34,2020-03-04 07:30:34,86.1,6.9,ff8238a3ec079372426cd9837898475c25087175,,,,,
2020-03-04 07:40:36,12982,99,15,21,31.05,29.8,21,31.03,31.05,20636,6364,,3.44,,2020-03-04 07:40:36,2020-03-04 07:40:36,87.5,6.8,ff8238a3ec079372426cd9837898475c25087175,,,,,
2020-03-04 07:50:34,12984,99,15,22,33.53,30.01,22,33.35,33.53,20636,4033,,3.46,,2020-03-04 07:50:34,2020-03-04 07:50:34,87.6,6.6,ff8238a3ec079372426cd9837898475c25087175,,,,,
2020-03-04 08:00:33,12994,99,15,21,32.17,29.18,21,32.03,32.17,20636,3169,,3.45,,2020-03-04 08:00:33,2020-03-04 08:00:33,89.0,6.5,ff8238a3ec079372426cd9837898475c25087175,,,,,
2020-03-04 08:10:33,12996,99,15,18,28.37,25.77,18,28.24,28.37,20636,2903,,3.46,,2020-03-04 08:10:33,2020-03-04 08:10:33,88.5,6.4,ff8238a3ec079372426cd9837898475c25087175,,,,,
2020-03-04 08:20:33,12998,99,15,18,27.14,25.67,18,27.1,27.14,20636,3313,,3.45,,2020-03-04 08:20:33,2020-03-04 08:20:33,88.7,6.4,ff8238a3ec079372426cd9837898475c25087175,,,,,
2020-03-04 08:30:33,13000,99,15,19,28.83,27.89,19,28.83,28.83,20636,3123,,3.45,,2020-03-04 08:30:33,2020-03-04 08:30:33,88.8,6.5,ff8238a3ec079372426cd9837898475c25087175,,,,,
2020-03-04 08:40:33,13002,99,15,20,31.4,28.45,20,31.25,31.4,20636,3016,,3.45,,2020-03-04 08:40:33,2020-03-04 08:40:33,88.9,6.6,ff8238a3ec079372426cd9837898475c25087175,,,,,
2020-03-04 08:50:34,13004,99,15,17,26.36,25.5,17,26.36,26.36,20636,3313,,3.4699999999999998,,2020-03-04 08:50:34,2020-03-04 08:50:34,90.9,7.5,ff8238a3ec079372426cd9837898475c25087175,,,,,
2020-03-04 09:00:35,13012,99,15,17,25.54,24.71,17,25.54,25.54,20636,3370,,3.5,,2020-03-04 09:00:35,2020-03-04 09:00:35,89.6,9.5,ff8238a3ec079372426cd9837898475c25087175,,,,,
2020-03-04 09:10:34,13016,99,15,20,28.44,27.52,20,28.44,28.44,20636,2914,,3.45,,2020-03-04 09:10:34,2020-03-04 09:10:34,85.3,11.5,ff8238a3ec079372426cd9837898475c25087175,,,,,
2020-03-04 09:20:34,13018,99,15,19,26.15,25.3,19,26.15,26.15,20636,3144,,3.45,,2020-03-04 09:20:34,2020-03-04 09:20:34,81.8,12.9,ff8238a3ec079372426cd9837898475c25087175,,,,,
2020-03-04 09:30:35,13020,99,15,19,24.53,23.73,19,24.53,24.53,20636,3503,,3.45,,2020-03-04 09:30:35,2020-03-04 09:30:35,77.2,15.2,ff8238a3ec079372426cd9837898475c25087175,,,,,
2020-03-04 09:40:36,13022,99,15,21,25.48,24.65,21,25.48,25.48,20636,3562,,3.46,,2020-03-04 09:40:36,2020-03-04 09:40:36,68.0,18.1,ff8238a3ec079372426cd9837898475c25087175,,,,,
2020-03-04 09:50:34,13024,99,15,18,20.09,19.43,18,20.09,20.09,20636,3133,,3.4699999999999998,,2020-03-04 09:50:34,2020-03-04 09:50:34,57.7,19.6,ff8238a3ec079372426cd9837898475c25087175,,,,,
2020-03-04 10:00:34,13032,99,15,18,19.64,19.0,18,19.64,19.64,20636,3342,,3.48,,2020-03-04 10:00:34,2020-03-04 10:00:34,53.7,19.7,ff8238a3ec079372426cd9837898475c25087175,,,,,
2020-03-04 10:10:32,13036,99,15,18,20.05,19.4,18,20.05,20.05,20636,3313,,3.54,,2020-03-04 10:10:32,2020-03-04 10:10:32,49.6,18.1,ff8238a3ec079372426cd9837898475c25087175,,,,,
2020-03-04 10:20:35,13038,99,15,18,19.67,19.03,18,19.67,19.67,20636,6742,,3.56,,2020-03-04 10:20:35,2020-03-04 10:20:35,50.9,15.9,ff8238a3ec079372426cd9837898475c25087175,,,,,
2020-03-04 10:30:33,13040,99,15,17,19.25,18.62,17,19.25,19.25,20636,3503,,3.45,,2020-03-04 10:30:33,2020-03-04 10:30:33,53.4,14.5,ff8238a3ec079372426cd9837898475c25087175,,,,,
2020-03-04 10:40:33,13042,99,15,17,18.89,18.27,17,18.89,18.89,20636,3769,,3.46,,2020-03-04 10:40:33,2020-03-04 10:40:33,54.6,13.7,ff8238a3ec079372426cd9837898475c25087175,,,,,
2020-03-04 10:50:34,13044,99,15,15,17.15,16.59,15,17.15,17.15,20636,3733,,3.44,,2020-03-04 10:50:34,2020-03-04 10:50:34,55.9,13.3,ff8238a3ec079372426cd9837898475c25087175,,,,,
2020-03-04 11:00:33,13054,99,15,14,16.08,14.41,14,15.99,16.08,20636,3374,,3.45,,2020-03-04 11:00:33,2020-03-04 11:00:33,52.2,13.1,ff8238a3ec079372426cd9837898475c25087175,,,,,
2020-03-04 11:10:33,13056,99,15,11,11.98,11.59,11,11.98,11.98,20636,3113,,3.49,,2020-03-04 11:10:33,2020-03-04 11:10:33,51.4,12.9,ff8238a3ec079372426cd9837898475c25087175,,,,,
2020-03-04 11:20:33,13058,99,15,10,10.35,10.02,10,10.35,10.35,20636,3333,,3.4699999999999998,,2020-03-04 11:20:33,2020-03-04 11:20:33,50.9,12.8,ff8238a3ec079372426cd9837898475c25087175,,,,,
2020-03-04 11:30:34,13060,99,15,9,9.46,9.16,9,9.46,9.46,20636,3534,,3.48,,2020-03-04 11:30:34,2020-03-04 11:30:34,51.4,12.9,ff8238a3ec079372426cd9837898475c25087175,,,,,
2020-03-04 11:40:33,13062,99,15,13,13.91,13.46,13,13.91,13.91,20636,3379,,3.45,,2020-03-04 11:40:33,2020-03-04 11:40:33,49.9,13.1,ff8238a3ec079372426cd9837898475c25087175,,,,,
2020-03-04 11:50:34,13064,99,15,12,13.11,12.68,12,13.11,13.11,20636,3524,,3.51,,2020-03-04 11:50:34,2020-03-04 11:50:34,51.8,13.2,ff8238a3ec079372426cd9837898475c25087175,,,,,
2020-03-04 12:00:34,13074,99,15,13,13.78,13.33,13,13.78,13.78,20636,3439,,3.45,,2020-03-04 12:00:34,2020-03-04 12:00:34,50.9,13.4,ff8238a3ec079372426cd9837898475c25087175,,,,,
2020-03-04 12:10:33,13076,99,15,12,12.74,12.33,12,12.74,12.74,20636,3103,,3.43,,2020-03-04 12:10:33,2020-03-04 12:10:33,51.2,13.5,ff8238a3ec079372426cd9837898475c25087175,,,,,
2020-03-04 12:20:35,13078,99,15,12,12.53,12.12,12,12.53,12.53,20636,3713,,3.5300000000000002,,2020-03-04 12:20:35,2020-03-04 12:20:35,50.8,13.4,ff8238a3ec079372426cd9837898475c25087175,,,,,
2020-03-04 12:30:34,13080,99,15,8,8.52,8.24,8,8.52,8.52,20636,4534,,3.46,,2020-03-04 12:30:34,2020-03-04 12:30:34,50.0,13.1,ff8238a3ec079372426cd9837898475c25087175,,,,,
2020-03-04 12:40:34,13082,99,15,10,11.02,9.68,10,10.95,11.02,20636,4166,,3.44,,2020-03-04 12:40:34,2020-03-04 12:40:34,49.9,13.0,ff8238a3ec079372426cd9837898475c25087175,,,,,
2020-03-04 12:50:33,13084,99,15,8,9.65,7.66,8,9.52,9.65,20636,3323,,3.52,,2020-03-04 12:50:33,2020-03-04 12:50:33,46.6,12.8,ff8238a3ec079372426cd9837898475c25087175,,,,,
2020-03-04 13:00:33,13093,99,15,7,8.61,7.22,7,8.53,8.61,20636,2975,,3.54,,2020-03-04 13:00:33,2020-03-04 13:00:33,47.8,12.7,ff8238a3ec079372426cd9837898475c25087175,,,,,
2020-03-04 13:11:36,13096,99,15,7,9.32,6.29,7,9.11,9.32,20636,7073,,3.49,,2020-03-04 13:11:36,2020-03-04 13:11:36,46.3,12.7,ff8238a3ec079372426cd9837898475c25087175,,,,,
2020-03-04 13:20:33,13098,99,15,7,7.1,6.87,7,7.1,7.1,20636,3314,,3.49,,2020-03-04 13:20:33,2020-03-04 13:20:33,47.2,12.8,ff8238a3ec079372426cd9837898475c25087175,,,,,
2020-03-04 13:30:33,13100,99,15,7,7.78,7.53,7,7.78,7.78,20636,3431,,3.49,,2020-03-04 13:30:33,2020-03-04 13:30:33,46.1,12.9,ff8238a3ec079372426cd9837898475c25087175,,,,,
2020-03-04 13:40:36,13102,99,15,6,5.92,5.73,6,5.92,5.92,20636,5963,,3.51,,2020-03-04 13:40:36,2020-03-04 13:40:36,44.7,12.9,ff8238a3ec079372426cd9837898475c25087175,,,,,
2020-03-04 13:50:34,13104,99,15,5,5.52,5.34,5,5.52,5.52,20636,3573,,3.42,,2020-03-04 13:50:34,2020-03-04 13:50:34,43.5,13.0,ff8238a3ec079372426cd9837898475c25087175,,,,,
2020-03-04 14:00:33,13112,99,15,4,4.14,4.01,4,4.14,4.14,20636,2913,,3.46,,2020-03-04 14:00:33,2020-03-04 14:00:33,41.4,13.0,ff8238a3ec079372426cd9837898475c25087175,,,,,
2020-03-04 14:10:33,13116,99,15,4,3.75,3.63,4,3.75,3.75,20636,3524,,3.51,,2020-03-04 14:10:33,2020-03-04 14:10:33,41.8,13.0,ff8238a3ec079372426cd9837898475c25087175,,,,,
2020-03-04 14:20:34,13118,99,15,4,3.75,3.62,4,3.75,3.75,20636,3583,,3.43,,2020-03-04 14:20:34,2020-03-04 14:20:34,40.6,13.2,ff8238a3ec079372426cd9837898475c25087175,,,,,
2020-03-04 14:30:33,13120,99,15,4,4.41,3.76,4,4.37,4.41,20636,3171,,3.43,,2020-03-04 14:30:33,2020-03-04 14:30:33,39.1,13.3,ff8238a3ec079372426cd9837898475c25087175,,,,,
2020-03-04 14:40:34,13122,99,15,5,5.48,4.13,5,5.4,5.48,20636,3713,,3.42,,2020-03-04 14:40:34,2020-03-04 14:40:34,41.1,13.3,ff8238a3ec079372426cd9837898475c25087175,,,,,
2020-03-04 14:50:34,13129,99,15,5,6.14,4.84,5,6.05,6.14,20636,3156,,3.52,,2020-03-04 14:50:34,2020-03-04 14:50:34,42.0,13.4,ff8238a3ec079372426cd9837898475c25087175,,,,,
2020-03-04 15:00:33,13139,99,15,6,7.01,4.46,6,6.83,7.01,20636,3314,,3.51,,2020-03-04 15:00:33,2020-03-04 15:00:33,42.4,13.5,ff8238a3ec079372426cd9837898475c25087175,,,,,
2020-03-04 15:10:35,13144,99,15,6,6.93,5.19,6,6.82,6.93,20636,3514,,3.42,,2020-03-04 15:10:35,2020-03-04 15:10:35,42.3,13.5,ff8238a3ec079372426cd9837898475c25087175,,,,,
2020-03-04 15:20:34,13156,99,15,4,5.32,3.7800000000000002,4,5.22,5.32,20636,3313,,3.45,,2020-03-04 15:20:34,2020-03-04 15:20:34,42.5,13.5,ff8238a3ec079372426cd9837898475c25087175,,,,,
2020-03-04 15:30:33,13160,99,15,7,7.97,5.79,7,7.83,7.97,20636,3148,,3.44,,2020-03-04 15:30:33,2020-03-04 15:30:33,40.6,13.5,ff8238a3ec079372426cd9837898475c25087175,,,,,
2020-03-04 15:40:34,13176,99,15,6,6.84,4.52,6,6.68,6.84,20636,4043,,3.5,,2020-03-04 15:40:34,2020-03-04 15:40:34,40.1,13.3,ff8238a3ec079372426cd9837898475c25087175,,,,,
2020-03-04 15:50:33,13193,99,15,5,4.88,4.72,5,4.88,4.88,20636,3551,,3.42,,2020-03-04 15:50:33,2020-03-04 15:50:33,39.2,13.3,ff8238a3ec079372426cd9837898475c25087175,,,,,
2020-03-04 16:00:34,13217,99,15,5,4.89,4.73,5,4.89,4.89,20636,3374,,3.45,,2020-03-04 16:00:34,2020-03-04 16:00:34,39.3,13.3,ff8238a3ec079372426cd9837898475c25087175,,,,,
2020-03-04 16:10:34,13222,99,15,4,5.27,4.03,4,5.19,5.27,20636,3315,,3.51,,2020-03-04 16:10:34,2020-03-04 16:10:34,40.9,13.3,ff8238a3ec079372426cd9837898475c25087175,,,,,
2020-03-04 16:20:36,13227,99,15,5,6.58,4.35,5,6.43,6.58,20636,4053,,3.51,,2020-03-04 16:20:36,2020-03-04 16:20:36,41.0,13.3,ff8238a3ec079372426cd9837898475c25087175,,,,,
2020-03-04 16:30:34,13231,99,15,7,8.02,6.77,7,7.95,8.02,20636,3370,,3.43,,2020-03-04 16:30:34,2020-03-04 16:30:34,41.9,13.3,ff8238a3ec079372426cd9837898475c25087175,,,,,
2020-03-04 16:40:33,13235,99,15,8,9.14,7.63,8,9.05,9.14,20636,3103,,3.45,,2020-03-04 16:40:33,2020-03-04 16:40:33,43.4,13.2,ff8238a3ec079372426cd9837898475c25087175,,,,,
2020-03-04 16:50:33,13240,99,15,6,7.6,5.8,6,7.49,7.6,20636,2762,,3.46,,2020-03-04 16:50:33,2020-03-04 16:50:33,42.4,13.1,ff8238a3ec079372426cd9837898475c25087175,,,,,
2020-03-04 17:00:33,13270,99,15,7,7.87,5.9399999999999995,7,7.75,7.87,20636,3363,,3.42,,2020-03-04 17:00:33,2020-03-04 17:00:33,43.6,13.1,ff8238a3ec079372426cd9837898475c25087175,,,,,
2020-03-04 17:10:33,13297,99,15,5,5.34,5.17,5,5.34,5.34,20636,3223,,3.51,,2020-03-04 17:10:33,2020-03-04 17:10:33,43.0,13.1,ff8238a3ec079372426cd9837898475c25087175,,,,,
2020-03-04 17:20:33,13320,99,15,5,5.85,5.66,5,5.85,5.85,20636,3313,,3.46,,2020-03-04 17:20:33,2020-03-04 17:20:33,44.8,13.0,ff8238a3ec079372426cd9837898475c25087175,,,,,
2020-03-04 17:30:33,13335,99,15,9,11.4,7.66,9,11.15,11.4,20636,3369,,3.42,,2020-03-04 17:30:33,2020-03-04 17:30:33,46.1,12.8,ff8238a3ec079372426cd9837898475c25087175,,,,,
2020-03-04 17:40:33,13367,99,15,5,5.74,5.5600000000000005,5,5.74,5.74,20636,2913,,3.5,,2020-03-04 17:40:33,2020-03-04 17:40:33,46.8,12.6,ff8238a3ec079372426cd9837898475c25087175,,,,,
2020-03-04 17:50:34,13403,99,15,6,6.98,5.09,6,6.86,6.98,20636,3457,,3.51,,2020-03-04 17:50:34,2020-03-04 17:50:34,46.6,12.5,ff8238a3ec079372426cd9837898475c25087175,,,,,
2020-03-04 18:00:34,13425,99,15,5,5.06,4.45,5,5.03,5.06,20636,4043,,3.46,,2020-03-04 18:00:34,2020-03-04 18:00:34,47.3,12.4,ff8238a3ec079372426cd9837898475c25087175,,,,,
2020-03-04 18:01:32,13426,99,15,4,4.37,4.23,4,4.37,4.37,20636,3334,,3.42,,2020-03-04 18:01:32,2020-03-04 18:01:32,47.3,12.3,ff8238a3ec079372426cd9837898475c25087175,,,,,
2020-03-04 18:10:34,13430,99,15,7,9.14,5.9399999999999995,7,8.92,9.14,20636,4543,,3.51,,2020-03-04 18:10:34,2020-03-04 18:10:34,47.4,12.2,ff8238a3ec079372426cd9837898475c25087175,,,,,
2020-03-04 18:20:34,13433,99,15,7,7.18,6.95,7,7.18,7.18,20636,3189,,3.49,,2020-03-04 18:20:34,2020-03-04 18:20:34,48.0,12.1,ff8238a3ec079372426cd9837898475c25087175,,,,,
2020-03-04 18:30:34,13436,99,15,5,6.06,5.45,5,6.03,6.06,20636,3483,,3.49,,2020-03-04 18:30:34,2020-03-04 18:30:34,49.5,12.0,ff8238a3ec079372426cd9837898475c25087175,,,,,
2020-03-04 18:40:33,13438,99,15,6,7.37,6.02,6,7.29,7.37,20636,2958,,3.51,,2020-03-04 18:40:33,2020-03-04 18:40:33,50.6,11.8,ff8238a3ec079372426cd9837898475c25087175,,,,,
2020-03-04 18:50:34,13440,99,15,5,5.63,5.45,5,5.63,5.63,20636,3313,,3.42,,2020-03-04 18:50:34,2020-03-04 18:50:34,51.5,11.6,ff8238a3ec079372426cd9837898475c25087175,,,,,
2020-03-04 19:00:34,13450,99,15,5,5.76,5.57,5,5.76,5.76,20636,3313,,3.49,,2020-03-04 19:00:34,2020-03-04 19:00:34,52.2,11.5,ff8238a3ec079372426cd9837898475c25087175,,,,,
2020-03-04 19:10:34,13452,99,15,5,5.97,5.78,5,5.97,5.97,20636,3324,,3.4,,2020-03-04 19:10:34,2020-03-04 19:10:34,52.7,11.4,ff8238a3ec079372426cd9837898475c25087175,,,,,
2020-03-04 19:20:42,13454,99,15,7,8.33,7.71,7,8.3,8.33,20636,4741,,3.49,,2020-03-04 19:20:42,2020-03-04 19:20:42,53.1,11.3,ff8238a3ec079372426cd9837898475c25087175,,,,,
2020-03-04 19:30:34,13456,99,15,7,8.25,6.59,7,8.15,8.25,20636,3113,,3.42,,2020-03-04 19:30:34,2020-03-04 19:30:34,53.6,11.2,ff8238a3ec079372426cd9837898475c25087175,,,,,
2020-03-04 19:40:34,13458,99,15,7,9.07,7.0,7,8.94,9.07,20636,2781,,3.4,,2020-03-04 19:40:34,2020-03-04 19:40:34,54.0,11.1,ff8238a3ec079372426cd9837898475c25087175,,,,,
2020-03-04 19:50:33,13460,99,15,8,9.18,8.88,8,9.18,9.18,20636,3113,,3.4,,2020-03-04 19:50:33,2020-03-04 19:50:33,54.6,11.0,ff8238a3ec079372426cd9837898475c25087175,,,,,
2020-03-04 20:00:34,13469,99,15,8,9.13,8.83,8,9.13,9.13,20636,3714,,3.42,,2020-03-04 20:00:34,2020-03-04 20:00:34,54.9,10.9,ff8238a3ec079372426cd9837898475c25087175,,,,,
2020-03-04 20:10:33,13471,99,15,7,7.5,7.26,7,7.5,7.5,20636,3323,,3.38,,2020-03-04 20:10:33,2020-03-04 20:10:33,55.6,10.7,ff8238a3ec079372426cd9837898475c25087175,,,,,
2020-03-04 20:20:34,13473,99,15,9,10.21,8.94,9,10.14,10.21,20636,2753,,3.39,,2020-03-04 20:20:34,2020-03-04 20:20:34,55.8,10.6,ff8238a3ec079372426cd9837898475c25087175,,,,,
2020-03-04 20:30:35,13475,99,15,9,10.56,8.68,9,10.45,10.56,20636,5123,,3.42,,2020-03-04 20:30:35,2020-03-04 20:30:35,56.2,10.5,ff8238a3ec079372426cd9837898475c25087175,,,,,
2020-03-04 20:40:38,13477,99,15,8,9.31,7.91,8,9.23,9.31,20636,8263,,3.46,,2020-03-04 20:40:38,2020-03-04 20:40:38,56.6,10.4,ff8238a3ec079372426cd9837898475c25087175,,,,,
2020-03-04 20:50:34,13479,99,15,9,10.1,8.85,9,10.04,10.1,20636,3133,,3.46,,2020-03-04 20:50:34,2020-03-04 20:50:34,57.3,10.3,ff8238a3ec079372426cd9837898475c25087175,,,,,
2020-03-04 21:00:33,13487,99,15,8,8.73,8.44,8,8.73,8.73,20636,3503,,3.4,,2020-03-04 21:00:33,2020-03-04 21:00:33,57.5,10.2,ff8238a3ec079372426cd9837898475c25087175,,,,,
2020-03-04 21:10:36,13490,99,15,7,8.66,7.6,7,8.6,8.66,20636,3303,,3.4,,2020-03-04 21:10:36,2020-03-04 21:10:36,58.0,10.1,ff8238a3ec079372426cd9837898475c25087175,,,,,
2020-03-04 21:20:33,13492,99,15,9,10.61,10.27,9,10.61,10.61,20636,2769,,3.4699999999999998,,2020-03-04 21:20:33,2020-03-04 21:20:33,58.2,10.1,ff8238a3ec079372426cd9837898475c25087175,,,,,
2020-03-04 21:30:33,13494,99,15,12,14.4,12.24,12,14.27,14.4,20636,3123,,3.39,,2020-03-04 21:30:33,2020-03-04 21:30:33,59.0,10.0,ff8238a3ec079372426cd9837898475c25087175,,,,,
2020-03-04 21:40:33,13496,99,15,8,9.07,8.78,8,9.07,9.07,20636,3168,,3.39,,2020-03-04 21:40:33,2020-03-04 21:40:33,59.5,10.0,ff8238a3ec079372426cd9837898475c25087175,,,,,
2020-03-04 21:50:33,13499,99,15,9,11.44,9.4,9,11.31,11.44,20636,2723,,3.4699999999999998,,2020-03-04 21:50:33,2020-03-04 21:50:33,59.6,10.0,ff8238a3ec079372426cd9837898475c25087175,,,,,
2020-03-04 22:00:33,13509,99,15,14,16.87,14.23,14,16.71,16.87,20636,2783,,3.46,,2020-03-04 22:00:33,2020-03-04 22:00:33,59.9,10.0,ff8238a3ec079372426cd9837898475c25087175,,,,,
2020-03-04 22:10:33,13511,99,15,10,11.15,10.79,10,11.15,11.15,20636,2702,,3.43,,2020-03-04 22:10:33,2020-03-04 22:10:33,61.0,9.9,ff8238a3ec079372426cd9837898475c25087175,,,,,
2020-03-04 22:20:35,13514,99,15,11,12.38,11.65,11,12.35,12.38,20636,5563,,3.36,,2020-03-04 22:20:35,2020-03-04 22:20:35,61.0,9.9,ff8238a3ec079372426cd9837898475c25087175,,,,,
2020-03-04 22:30:35,13516,99,15,14,17.58,13.6,14,17.33,17.58,20636,4303,,3.48,,2020-03-04 22:30:35,2020-03-04 22:30:35,61.2,9.8,ff8238a3ec079372426cd9837898475c25087175,,,,,
2020-03-04 22:40:34,13518,99,15,11,13.25,11.68,11,13.16,13.25,20636,3768,,3.37,,2020-03-04 22:40:34,2020-03-04 22:40:34,61.7,9.7,ff8238a3ec079372426cd9837898475c25087175,,,,,
2020-03-04 22:50:33,13520,99,15,11,13.24,12.81,11,13.24,13.24,20636,3124,,3.36,,2020-03-04 22:50:33,2020-03-04 22:50:33,63.4,9.7,ff8238a3ec079372426cd9837898475c25087175,,,,,
2020-03-04 23:00:34,13530,99,15,14,16.27,14.98,14,16.21,16.27,20636,4323,,3.34,,2020-03-04 23:00:34,2020-03-04 23:00:34,64.2,9.5,ff8238a3ec079372426cd9837898475c25087175,,,,,
2020-03-05 01:58:58,13545,99,15,23,30.09,29.11,23,30.09,30.09,20636,3144,,3.37,,2020-03-05 01:58:58,2020-03-05 01:58:58,77.6,8.0,ff8238a3ec079372426cd9837898475c25087175,,,,,
2020-03-05 02:00:37,13553,99,15,18,23.6,22.83,18,23.6,23.6,20636,2946,,3.45,,2020-03-05 02:00:37,2020-03-05 02:00:37,77.5,8.1,ff8238a3ec079372426cd9837898475c25087175,,,,,
2020-03-05 02:10:33,13556,99,15,18,23.84,23.06,18,23.84,23.84,20636,3113,,3.46,,2020-03-05 02:10:33,2020-03-05 02:10:33,77.7,8.1,ff8238a3ec079372426cd9837898475c25087175,,,,,
2020-03-05 02:20:33,13558,99,15,18,23.01,22.26,18,23.01,23.01,20636,2997,,3.46,,2020-03-05 02:20:33,2020-03-05 02:20:33,77.8,8.0,ff8238a3ec079372426cd9837898475c25087175,,,,,
2020-03-05 02:30:36,13560,99,15,19,26.93,21.77,19,26.61,26.93,20636,3923,,3.34,,2020-03-05 02:30:36,2020-03-05 02:30:36,78.5,7.9,ff8238a3ec079372426cd9837898475c25087175,,,,,
2020-03-05 02:40:35,13562,99,15,18,23.71,22.94,18,23.71,23.71,20636,4324,,3.45,,2020-03-05 02:40:35,2020-03-05 02:40:35,78.7,7.9,ff8238a3ec079372426cd9837898475c25087175,,,,,
2020-03-05 02:50:33,13564,99,15,18,23.54,22.77,18,23.54,23.54,20636,3514,,3.37,,2020-03-05 02:50:33,2020-03-05 02:50:33,78.6,7.9,ff8238a3ec079372426cd9837898475c25087175,,,,,
2020-03-05 03:00:33,13572,99,15,17,21.55,20.85,17,21.55,21.55,20636,3167,,3.42,,2020-03-05 03:00:33,2020-03-05 03:00:33,78.3,7.9,ff8238a3ec079372426cd9837898475c25087175,,,,,
2020-03-05 03:10:34,13575,99,15,15,19.19,18.57,15,19.19,19.19,20636,3543,,3.35,,2020-03-05 03:10:34,2020-03-05 03:10:34,77.7,7.9,ff8238a3ec079372426cd9837898475c25087175,,,,,
2020-03-05 03:20:33,13577,99,15,15,19.54,18.9,15,19.54,19.54,20636,2953,,3.42,,2020-03-05 03:20:33,2020-03-05 03:20:33,77.4,8.0,ff8238a3ec079372426cd9837898475c25087175,,,,,
2020-03-05 03:30:34,13579,99,15,16,20.63,19.96,16,20.63,20.63,20636,2944,,3.43,,2020-03-05 03:30:34,2020-03-05 03:30:34,77.2,8.0,ff8238a3ec079372426cd9837898475c25087175,,,,,
2020-03-05 03:40:33,13581,99,15,17,22.77,21.12,17,22.7,22.77,20636,3124,,3.33,,2020-03-05 03:40:33,2020-03-05 03:40:33,77.7,8.1,ff8238a3ec079372426cd9837898475c25087175,,,,,
2020-03-05 03:50:34,13583,99,15,15,20.62,17.2,15,20.41,20.62,20636,3104,,3.45,,2020-03-05 03:50:34,2020-03-05 03:50:34,77.1,8.0,ff8238a3ec079372426cd9837898475c25087175,,,,,
2020-03-05 04:00:33,13591,99,15,15,19.05,18.43,15,19.05,19.05,20636,3373,,3.38,,2020-03-05 04:00:33,2020-03-05 04:00:33,77.2,8.1,ff8238a3ec079372426cd9837898475c25087175,,,,,
2020-03-05 04:10:34,13594,99,15,15,18.71,18.1,15,18.71,18.71,20636,3314,,3.42,,2020-03-05 04:10:34,2020-03-05 04:10:34,76.7,8.0,ff8238a3ec079372426cd9837898475c25087175,,,,,
2020-03-05 04:20:35,13596,99,15,15,19.73,17.93,15,19.64,19.73,20636,4375,,3.3,,2020-03-05 04:20:35,2020-03-05 04:20:35,76.8,8.0,ff8238a3ec079372426cd9837898475c25087175,,,,,
2020-03-05 04:30:33,13598,99,15,17,23.73,20.17,17,23.52,23.73,20636,3104,,3.33,,2020-03-05 04:30:33,2020-03-05 04:30:33,76.7,7.9,ff8238a3ec079372426cd9837898475c25087175,,,,,
2020-03-05 04:40:34,13600,99,15,15,20.4,17.76,15,20.26,20.4,20636,3514,,3.4,,2020-03-05 04:40:34,2020-03-05 04:40:34,77.1,7.8,ff8238a3ec079372426cd9837898475c25087175,,,,,
2020-03-05 04:50:34,13602,99,15,13,16.84,16.29,13,16.84,16.84,20636,2904,,3.34,,2020-03-05 04:50:34,2020-03-05 04:50:34,76.8,7.7,ff8238a3ec079372426cd9837898475c25087175,,,,,
2020-03-05 05:00:33,13611,99,15,15,20.08,17.46,15,19.94,20.08,20636,3375,,3.33,,2020-03-05 05:00:33,2020-03-05 05:00:33,76.8,7.8,ff8238a3ec079372426cd9837898475c25087175,,,,,
2020-03-05 05:10:34,13613,99,15,14,18.23,17.64,14,18.23,18.23,20636,3324,,3.41,,2020-03-05 05:10:34,2020-03-05 05:10:34,76.5,7.8,ff8238a3ec079372426cd9837898475c25087175,,,,,
2020-03-05 05:20:34,13615,99,15,17,23.77,18.69,17,23.45,23.77,20636,3355,,3.41,,2020-03-05 05:20:34,2020-03-05 05:20:34,76.3,7.8,ff8238a3ec079372426cd9837898475c25087175,,,,,
2020-03-05 05:30:33,13617,99,15,15,20.46,17.48,15,20.28,20.46,20636,3304,,3.35,,2020-03-05 05:30:33,2020-03-05 05:30:33,76.2,7.8,ff8238a3ec079372426cd9837898475c25087175,,,,,
2020-03-05 05:40:34,13619,99,15,18,23.63,20.93,18,23.49,23.63,20636,3314,,3.42,,2020-03-05 05:40:34,2020-03-05 05:40:34,75.9,7.9,ff8238a3ec079372426cd9837898475c25087175,,,,,
2020-03-05 05:50:34,13621,99,15,15,18.6,18.0,15,18.6,18.6,20636,3134,,3.39,,2020-03-05 05:50:34,2020-03-05 05:50:34,75.6,7.9,ff8238a3ec079372426cd9837898475c25087175,,,,,
2020-03-05 06:00:34,13630,99,15,16,20.66,19.99,16,20.66,20.66,20636,3368,,3.34,,2020-03-05 06:00:34,2020-03-05 06:00:34,75.5,7.8,ff8238a3ec079372426cd9837898475c25087175,,,,,
2020-03-05 06:10:34,13632,99,15,18,23.44,20.49,18,23.27,23.44,20636,4034,,3.34,,2020-03-05 06:10:34,2020-03-05 06:10:34,75.5,7.8,ff8238a3ec079372426cd9837898475c25087175,,,,,
2020-03-05 06:20:34,13634,99,15,14,18.14,17.55,14,18.14,18.14,20636,3576,,3.32,,2020-03-05 06:20:34,2020-03-05 06:20:34,75.3,7.9,ff8238a3ec079372426cd9837898475c25087175,,,,,
2020-03-05 06:30:34,13636,99,15,16,19.66,19.02,16,19.66,19.66,20636,3114,,3.41,,2020-03-05 06:30:34,2020-03-05 06:30:34,75.4,7.9,ff8238a3ec079372426cd9837898475c25087175,,,,,
2020-03-05 06:40:33,13638,99,15,19,23.4,22.64,19,23.4,23.4,20636,2933,,3.31,,2020-03-05 06:40:33,2020-03-05 06:40:33,75.1,7.8,ff8238a3ec079372426cd9837898475c25087175,,,,,
2020-03-05 06:50:34,13640,99,15,16,20.78,20.11,16,20.78,20.78,20636,3184,,3.4,,2020-03-05 06:50:34,2020-03-05 06:50:34,75.3,7.8,ff8238a3ec079372426cd9837898475c25087175,,,,,
2020-03-05 07:00:34,13649,99,15,18,23.13,21.23,18,23.04,23.13,20636,3553,,3.31,,2020-03-05 07:00:34,2020-03-05 07:00:34,75.8,7.8,ff8238a3ec079372426cd9837898475c25087175,,,,,
2020-03-05 07:10:33,13651,99,15,16,20.12,19.47,16,20.12,20.12,20636,3324,,3.34,,2020-03-05 07:10:33,2020-03-05 07:10:33,75.5,7.8,ff8238a3ec079372426cd9837898475c25087175,,,,,
2020-03-05 07:20:34,13653,99,15,16,20.31,19.65,16,20.31,20.31,20636,3360,,3.31,,2020-03-05 07:20:34,2020-03-05 07:20:34,75.9,7.8,ff8238a3ec079372426cd9837898475c25087175,,,,,
2020-03-05 07:30:33,13655,99,15,15,19.3,18.67,15,19.3,19.3,20636,2913,,3.34,,2020-03-05 07:30:33,2020-03-05 07:30:33,75.2,7.9,ff8238a3ec079372426cd9837898475c25087175,,,,,
2020-03-05 07:40:34,13657,99,15,18,24.16,20.34,18,23.93,24.16,20636,3314,,3.35,,2020-03-05 07:40:34,2020-03-05 07:40:34,75.0,8.0,ff8238a3ec079372426cd9837898475c25087175,,,,,
2020-03-05 07:50:33,13659,99,15,21,27.21,24.23,21,27.05,27.21,20636,3324,,3.31,,2020-03-05 07:50:33,2020-03-05 07:50:33,74.6,8.2,ff8238a3ec079372426cd9837898475c25087175,,,,,
2020-03-05 08:00:35,13668,99,15,21,25.42,24.59,21,25.42,25.42,20636,3360,,3.4,,2020-03-05 08:00:35,2020-03-05 08:00:35,73.3,8.4,ff8238a3ec079372426cd9837898475c25087175,,,,,
2020-03-05 08:10:33,13670,99,15,18,21.74,21.03,18,21.74,21.74,20636,3123,,3.33,,2020-03-05 08:10:33,2020-03-05 08:10:33,72.7,8.5,ff8238a3ec079372426cd9837898475c25087175,,,,,
2020-03-05 08:20:33,13672,99,15,19,24.4,22.52,19,24.32,24.4,20636,3174,,3.42,,2020-03-05 08:20:33,2020-03-05 08:20:33,72.4,8.7,ff8238a3ec079372426cd9837898475c25087175,,,,,
2020-03-05 08:30:33,13674,99,15,15,18.48,17.88,15,18.48,18.48,20636,2913,,3.42,,2020-03-05 08:30:33,2020-03-05 08:30:33,71.5,8.9,ff8238a3ec079372426cd9837898475c25087175,,,,,
2020-03-09 16:04:47,14413,99,15,15,20.96,9.63,15,20.17,20.96,20636,3187,,3.33,,2020-03-09 16:04:47,2020-03-09 16:04:47,47.2,19.8,ff8238a3ec079372426cd9837898475c25087175,,,,,
2020-03-09 16:59:52,14444,99,15,19,21.03,18.22,19,20.87,21.03,20636,3183,,3.36,,2020-03-09 16:59:52,2020-03-09 16:59:52,48.5,13.2,ff8238a3ec079372426cd9837898475c25087175,,,,,
2020-03-09 18:00:05,14481,99,15,16,18.98,15.95,16,18.8,18.98,20636,3404,,3.31,,2020-03-09 18:00:05,2020-03-09 18:00:05,53.0,11.3,ff8238a3ec079372426cd9837898475c25087175,,,,,
2020-03-09 19:00:09,14490,99,15,18,20.95,17.91,18,20.77,20.95,20636,3523,,3.34,,2020-03-09 19:00:09,2020-03-09 19:00:09,54.8,10.9,ff8238a3ec079372426cd9837898475c25087175,,,,,
2020-03-09 20:00:11,14498,99,15,14,15.83,15.32,14,15.83,15.83,20636,2774,,3.38,,2020-03-09 20:00:11,2020-03-09 20:00:11,56.8,10.7,ff8238a3ec079372426cd9837898475c25087175,,,,,
2020-03-09 21:00:14,14506,99,15,19,21.86,19.88,19,21.76,21.86,20636,4043,,3.37,,2020-03-09 21:00:14,2020-03-09 21:00:14,58.0,10.3,ff8238a3ec079372426cd9837898475c25087175,,,,,
2020-03-09 22:00:11,14514,99,15,23,28.41,22.3,23,28.02,28.41,20636,3593,,3.31,,2020-03-09 22:00:11,2020-03-09 22:00:11,59.9,9.9,ff8238a3ec079372426cd9837898475c25087175,,,,,
2020-03-09 23:00:12,14522,99,15,20,24.82,20.88,20,24.59,24.82,20636,3644,,3.24,,2020-03-09 23:00:12,2020-03-09 23:00:12,62.0,9.7,ff8238a3ec079372426cd9837898475c25087175,,,,,
2020-03-10 01:59:19,14533,99,15,27,32.42,29.63,27,32.29,32.42,20636,3568,,3.31,,2020-03-10 01:59:19,2020-03-10 01:59:19,63.0,9.5,ff8238a3ec079372426cd9837898475c25087175,,,,,
